/*
Navicat MySQL Data Transfer

Source Server         : localhost_3306
Source Server Version : 50022
Source Host           : localhost:3306
Source Database       : recruitment

Target Server Type    : MYSQL
Target Server Version : 50022
File Encoding         : 65001

Date: 2018-09-28 13:49:31
*/

SET FOREIGN_KEY_CHECKS=0;

-- ----------------------------
-- Table structure for admin
-- ----------------------------
DROP TABLE IF EXISTS `admin`;
CREATE TABLE `admin` (
  `adminId` int(11) NOT NULL auto_increment,
  `email` varchar(50) NOT NULL,
  `pwd` varchar(128) default NULL,
  `state` int(11) unsigned zerofill default NULL,
  PRIMARY KEY  (`adminId`),
  UNIQUE KEY `email` (`email`)
) ENGINE=InnoDB DEFAULT CHARSET=utf8;

-- ----------------------------
-- Records of admin
-- ----------------------------
INSERT INTO `admin` VALUES ('875158', 'wyin@sun.com', 'XDJL5177354024851', '00000000000');
INSERT INTO `admin` VALUES ('2285276', 'yong62@jia.com', 'EJVU3472756840583', '00000000001');
INSERT INTO `admin` VALUES ('2716459', 'xiuyinghe@yuan.cn', 'XQQG2984430301057', '00000000000');
INSERT INTO `admin` VALUES ('5088225', 'jpeng@yahoo.com', 'MNST2293597531653', '00000000000');
INSERT INTO `admin` VALUES ('5342068', 'nagong@gmail.com', 'RMZG7553132644952', '00000000001');
INSERT INTO `admin` VALUES ('5428670', 'min35@hotmail.com', 'OOBX4852817951659', '00000000001');
INSERT INTO `admin` VALUES ('5478170', 'fangzou@hotmail.com', 'OZSB2430012448602', '00000000001');
INSERT INTO `admin` VALUES ('8188656', 'gaojun@ye.com', 'NKJZ0927454664613', '00000000000');
INSERT INTO `admin` VALUES ('10312568', 'weihan@guo.cn', 'AVJD6974193971664', '00000000001');
INSERT INTO `admin` VALUES ('11345749', 'guiyingyi@tang.cn', 'PTQS0248982476985', '00000000000');
INSERT INTO `admin` VALUES ('11615705', 'wwang@yahoo.com', 'AMST1085147628785', '00000000000');
INSERT INTO `admin` VALUES ('12978113', 'pingsong@gmail.com', 'BNPX4136834057248', '00000000001');
INSERT INTO `admin` VALUES ('14503900', 'ping67@hotmail.com', 'NAIX8206088584082', '00000000001');
INSERT INTO `admin` VALUES ('15102171', 'mwu@gmail.com', 'RJIL3083543140164', '00000000001');
INSERT INTO `admin` VALUES ('15171702', 'wuxiulan@yahoo.com', 'IZYK0411391867745', '00000000000');
INSERT INTO `admin` VALUES ('16214002', 'matao@hu.cn', 'ETXR9838817554926', '00000000001');
INSERT INTO `admin` VALUES ('16828902', 'ishi@hotmail.com', 'CAXK7951569032430', '00000000000');
INSERT INTO `admin` VALUES ('17674959', 'ming51@hotmail.com', 'XMNA9115555048702', '00000000001');
INSERT INTO `admin` VALUES ('19404349', 'fang60@wan.cn', 'VCLK8648994575249', '00000000000');
INSERT INTO `admin` VALUES ('19539942', 'yan69@xu.com', 'MOKC1696651334983', '00000000000');
INSERT INTO `admin` VALUES ('23078659', 'tantao@peng.com', 'MXHE9217765483432', '00000000000');
INSERT INTO `admin` VALUES ('24488068', 'wei48@dai.org', 'XYBW1413510857693', '00000000000');
INSERT INTO `admin` VALUES ('24713894', 'ahan@xiang.org', 'DHPN4281336551170', '00000000000');
INSERT INTO `admin` VALUES ('25131390', 'na20@gmail.com', 'VMWY8818234997261', '00000000000');
INSERT INTO `admin` VALUES ('25745559', 'taochao@liao.com', 'SSGZ1193920022481', '00000000001');
INSERT INTO `admin` VALUES ('27833933', 'mingkong@hotmail.com', 'RTDK0172942669581', '00000000001');
INSERT INTO `admin` VALUES ('27866061', 'guojun@shi.cn', 'JCSO1113526961289', '00000000000');
INSERT INTO `admin` VALUES ('31443128', 'gangfan@hotmail.com', 'KXVW9144773187489', '00000000001');
INSERT INTO `admin` VALUES ('31451536', 'tzhao@gmail.com', 'TUBI6395025941726', '00000000001');
INSERT INTO `admin` VALUES ('31500333', 'duping@gmail.com', 'RNUW8720865675307', '00000000001');
INSERT INTO `admin` VALUES ('31945240', 'wliao@yu.com', 'PFFJ2240172392484', '00000000001');
INSERT INTO `admin` VALUES ('32468656', 'suqiang@yahoo.com', 'TYYO0681841201649', '00000000000');
INSERT INTO `admin` VALUES ('32648911', 'wmeng@mo.com', 'OXAR4887381069208', '00000000001');
INSERT INTO `admin` VALUES ('32912845', 'tkang@ye.cn', 'GPTD6823677097992', '00000000000');
INSERT INTO `admin` VALUES ('33746524', 'xia81@dai.net', 'BMGI5595447332704', '00000000001');
INSERT INTO `admin` VALUES ('33753379', 'najin@gmail.com', 'BGUF5240914863842', '00000000000');
INSERT INTO `admin` VALUES ('35197522', 'lliao@hotmail.com', 'HSGC6173239896196', '00000000001');
INSERT INTO `admin` VALUES ('35866800', 'jiangna@yang.com', 'PKGJ7977974671537', '00000000001');
INSERT INTO `admin` VALUES ('35931447', 'ming12@duan.cn', 'WKXY0803871204164', '00000000001');
INSERT INTO `admin` VALUES ('36042074', 'xiayuan@liu.com', 'KWZW5977252825833', '00000000000');
INSERT INTO `admin` VALUES ('36148769', 'bxiong@cai.cn', 'PDOO1434130438622', '00000000001');
INSERT INTO `admin` VALUES ('38467097', 'juan56@guo.com', 'VHJL8322377414806', '00000000001');
INSERT INTO `admin` VALUES ('38753572', 'eliang@song.com', 'VBMM4188092548565', '00000000000');
INSERT INTO `admin` VALUES ('41953075', 'blei@gmail.com', 'VOSU3447189318846', '00000000000');
INSERT INTO `admin` VALUES ('42394822', 'houxiuying@feng.cn', 'QEJN4358937218570', '00000000001');
INSERT INTO `admin` VALUES ('43768110', 'yegang@yahoo.com', 'NEKN5876914356344', '00000000001');
INSERT INTO `admin` VALUES ('45258053', 'xia60@jin.cn', 'NUVA0723855515124', '00000000000');
INSERT INTO `admin` VALUES ('46388537', 'cyao@zhong.org', 'JFUK6796802322489', '00000000000');
INSERT INTO `admin` VALUES ('46689078', 'xiulanjia@guo.cn', 'PQUV8779061130864', '00000000001');
INSERT INTO `admin` VALUES ('49577945', 'qinmin@yahoo.com', 'JSII3677522420184', '00000000001');
INSERT INTO `admin` VALUES ('50156511', 'xia09@yahoo.com', 'TNXU4131328828635', '00000000001');
INSERT INTO `admin` VALUES ('50796496', 'kangxiulan@gmail.com', 'RNIW3049255965101', '00000000001');
INSERT INTO `admin` VALUES ('51941543', 'taofang@pan.cn', 'AJFE4837504914466', '00000000001');
INSERT INTO `admin` VALUES ('52443022', 'qiang17@hotmail.com', 'MEUZ0981175406603', '00000000001');
INSERT INTO `admin` VALUES ('54308039', 'xlai@gmail.com', 'RBDJ1556408543103', '00000000001');
INSERT INTO `admin` VALUES ('55151023', 'panming@yahoo.com', 'RASO2933288568815', '00000000001');
INSERT INTO `admin` VALUES ('55925914', 'chao04@yahoo.com', 'CQQL1142476599214', '00000000000');
INSERT INTO `admin` VALUES ('56501216', 'changwei@mao.cn', 'JEYY0523347719497', '00000000001');
INSERT INTO `admin` VALUES ('56537116', 'kdong@wang.com', 'KNVA2079802238933', '00000000001');
INSERT INTO `admin` VALUES ('56700756', 'gang87@hotmail.com', 'BPSA3607113898929', '00000000001');
INSERT INTO `admin` VALUES ('57629704', 'weisun@song.cn', 'RRGI2365933926127', '00000000000');
INSERT INTO `admin` VALUES ('58824238', 'junxie@hotmail.com', 'JNDH0613283547592', '00000000000');
INSERT INTO `admin` VALUES ('59699279', 'li16@feng.org', 'XKQJ5445756177114', '00000000001');
INSERT INTO `admin` VALUES ('60878045', 'tao91@ma.cn', 'CPUR2565376296900', '00000000000');
INSERT INTO `admin` VALUES ('61242364', 'ztian@tao.cn', 'IKKK6150166100911', '00000000000');
INSERT INTO `admin` VALUES ('62541220', 'qiangkang@yahoo.com', 'LYDU1412392749591', '00000000001');
INSERT INTO `admin` VALUES ('63382624', 'weiping@gmail.com', 'MURP5662799017757', '00000000001');
INSERT INTO `admin` VALUES ('63471038', 'fengjie@hotmail.com', 'YWDT7737128578524', '00000000001');
INSERT INTO `admin` VALUES ('66115182', 'tdu@hotmail.com', 'KDYE0762121505297', '00000000000');
INSERT INTO `admin` VALUES ('68040161', 'qiang91@yahoo.com', 'METI0584350679751', '00000000001');
INSERT INTO `admin` VALUES ('69050046', 'csun@peng.com', 'DYKH9077272502180', '00000000001');
INSERT INTO `admin` VALUES ('69235566', 'lei42@yahoo.com', 'ZTME5589760876321', '00000000001');
INSERT INTO `admin` VALUES ('69465239', 'leiyan@yahoo.com', 'ISEJ2988657330518', '00000000001');
INSERT INTO `admin` VALUES ('69863264', 'baili@fang.com', 'YDLQ0734718115426', '00000000000');
INSERT INTO `admin` VALUES ('71469164', 'jing02@yi.cn', 'RNEY6535909693627', '00000000001');
INSERT INTO `admin` VALUES ('71943312', 'pinghe@hu.cn', 'IQQG9440992131296', '00000000001');
INSERT INTO `admin` VALUES ('72068625', 'guiying79@yahoo.com', 'BPSG8521980522074', '00000000000');
INSERT INTO `admin` VALUES ('72449905', 'yanzheng@shao.net', 'WRQD4747784842782', '00000000001');
INSERT INTO `admin` VALUES ('74302840', 'xiulanxu@yahoo.com', 'MWQK3714206393551', '00000000001');
INSERT INTO `admin` VALUES ('76266553', 'mqin@kang.cn', 'TUSU6178620615177', '00000000000');
INSERT INTO `admin` VALUES ('76401985', 'guxia@hotmail.com', 'ZHBU6481213866324', '00000000001');
INSERT INTO `admin` VALUES ('77113092', 'chenmin@gmail.com', 'JDEM8575101970693', '00000000001');
INSERT INTO `admin` VALUES ('77192608', 'pangang@fang.cn', 'EIKF2604152845555', '00000000001');
INSERT INTO `admin` VALUES ('77690371', 'mincheng@zeng.com', 'UPEH3129501933838', '00000000001');
INSERT INTO `admin` VALUES ('78986893', 'ishao@kong.net', 'VFRB6264468937529', '00000000000');
INSERT INTO `admin` VALUES ('79699563', 'ymo@he.com', 'FGHP9465557581731', '00000000001');
INSERT INTO `admin` VALUES ('80035084', 'guiying43@cai.cn', 'RELV4871552978251', '00000000000');
INSERT INTO `admin` VALUES ('82965518', 'oxue@li.com', 'FDOQ5363072295396', '00000000001');
INSERT INTO `admin` VALUES ('86602679', 'ujia@ren.cn', 'UNWF4213842102968', '00000000000');
INSERT INTO `admin` VALUES ('87871685', 'jiecheng@hotmail.com', 'BQDG3531198977289', '00000000001');
INSERT INTO `admin` VALUES ('88637334', 'nawu@wang.cn', 'VGLU1465041788015', '00000000000');
INSERT INTO `admin` VALUES ('91843890', 'pingyan@su.cn', 'NGWB3315063007333', '00000000000');
INSERT INTO `admin` VALUES ('92559332', 'qiangyang@ding.net', 'EGOM7604596318140', '00000000000');
INSERT INTO `admin` VALUES ('94665482', 'dengli@gmail.com', 'OLVF1668089484806', '00000000000');
INSERT INTO `admin` VALUES ('96913147', 'jun98@yahoo.com', 'DUPS8288342498403', '00000000001');
INSERT INTO `admin` VALUES ('97019053', 'zhongyan@lin.net', 'TOYT0000144842383', '00000000000');
INSERT INTO `admin` VALUES ('97386636', 'ijiang@zeng.cn', 'KLGL4498757756298', '00000000001');
INSERT INTO `admin` VALUES ('97777106', 'cuixiulan@hotmail.com', 'SVPE5900853667525', '00000000000');
INSERT INTO `admin` VALUES ('98311286', 'ttang@hotmail.com', 'RARF6276004077345', '00000000000');

-- ----------------------------
-- Table structure for company
-- ----------------------------
DROP TABLE IF EXISTS `company`;
CREATE TABLE `company` (
  `companyId` int(11) NOT NULL auto_increment,
  `email` varchar(50) default NULL,
  `pwd` varchar(128) default NULL,
  `companyName` varchar(256) default NULL,
  `companyShortName` varchar(100) default NULL,
  `companyLogo` varchar(50) default NULL,
  `companyWebsite` varchar(50) default NULL,
  `city` varchar(50) default NULL,
  `industry` varchar(50) default NULL,
  `companySize` varchar(50) default NULL,
  `development` varchar(50) default NULL,
  `companyTag` varchar(100) default NULL,
  `CompanyIdImage` varchar(50) default NULL,
  `ceoName` varchar(100) default NULL,
  `ceoIntroduced` varchar(100) default NULL,
  `ceoImage` varchar(50) default NULL,
  `productImage` varchar(50) default NULL,
  `productName` varchar(50) default NULL,
  `productUrl` varchar(256) default NULL,
  `productIntroduction` varchar(256) default NULL,
  `CompanyProfile` varchar(1000) default NULL,
  `state` int(11) unsigned zerofill default NULL COMMENT '0 未审核、审核不通过  1 已经审核   2 删除 ',
  PRIMARY KEY  (`companyId`),
  UNIQUE KEY `email` (`email`)
) ENGINE=InnoDB DEFAULT CHARSET=utf8;

-- ----------------------------
-- Records of company
-- ----------------------------
INSERT INTO `company` VALUES ('541640', '', 'QUQA6268571315097', '创亿科技有限公司', '创亿科技', '406120,2112605406&fm=27&gp=0.jpg', 'http://www.du.com/', '永安市', '培训经理/主管', '2000人以上', '天使轮', '薪酬激励', '783038799592.mp3', '劳梅', '之后直接信息.', '722245983748.css', '722245983748.css', '国讯', 'https://www.lei.net/', '数据知道文化能够.', '容.支持是 .', '00000000000');
INSERT INTO `company` VALUES ('2110158', 'moping@chen.com', 'TSWN3488516822583', '东方峻景传媒有限公司', '东方峻景', 'u=726646263,2005279387&fm=200&gp=0.jpg', 'https://www.yan.com/', '哈尔滨市', '休闲娱乐', '50-150人', 'B轮', '员工福利', 'RMQP4072507366920.bmp', '别健', '出现方面这种作者如何.', 'JBJJ9548049510825.html', 'JBJJ9548049510825.html', '兰金电子', 'http://yuan.cn/', '以下只是部门手机有限因为.', '学校网上管理相关文件以上销售.\n完全都是因为目前.生产提供我们.\n有关朋友决定解决企业生活发表.新闻今年生活方式得到地区一直支持.搜索建设国家地区因此出现.\n任何标题关于所以.环境特别下载觉得.', '00000000000');
INSERT INTO `company` VALUES ('4547778', 'fang53@yahoo.com', 'NISS5382262039949', '昂歌信息传媒有限公司', '昂歌信息', 'u=1560305741,2588386831&fm=200&gp=0.jpg', 'http://mo.com/', '台北市', '传菜主管', '150-500人', '上市公司', '薪酬激励', 'XXHT5115901365647.flac', '夹淑华', '这种电影喜欢电脑.', 'ZLLY8811613055275.wav', 'ZLLY8811613055275.wav', '和泰', 'https://www.cai.cn/', '选择控制一定认为.', '目前最后规定不是美国联系.只要人民国内作品中文自己.\n而且系统一点朋友基本觉得.\n事情直接更多内容单位研究.经验大小位置关于.\n说明管理最新这种成为研究广告.支持汽车出来自己.设计不同公司规定信息.', '00000000000');
INSERT INTO `company` VALUES ('5346196', 'yan15@yahoo.com', 'VIHF3908477509175', '九方科技有限公司', '九方科技', 'u=2459654981,405363047&fm=27&gp=0.jpg', 'https://www.luo.com/', '建军市', '电路工程师/技术员(模拟/数字)', '2000人以上', 'A轮', '员工关怀', 'TIZS3559389459086.ods', '蒯桂芝', '位置中文新闻如此.', 'HJKP7142773150992.xlsx', 'HJKP7142773150992.xlsx', '方正科技', 'https://www.shi.cn/', '因为主要详细其实处理科技.', '一般电子得到质量社区支持浏览.这是怎么社会处理推荐大学.历史位置规定.\n精华孩子知道.标准一种一些.孩子业务数据.\n设计感觉网站.\n首页一起回复网络.名称搜索解决如何.', '00000000001');
INSERT INTO `company` VALUES ('5480999', 'fangduan@tian.com', 'VFHL0058121055286', '商软冠联科技有限公司', '商软冠联', 'u=3904778016,943478294&fm=200&gp=0.jpg', 'http://www.jiang.cn/', '桂兰县', '促销主管/督导', '500-2000人', '上市公司', '岗位福利', 'SBJQ8547744602194.docx', '汲杨', '主要国内很多这么学生.', 'RKVY2920240128002.ods', 'RKVY2920240128002.ods', '襄樊地球村', 'https://he.com/', '帖子报告如果项目状态.', '增加出来到了法律发现.全国不是论坛我的最后帮助.\n根据应用这样只是城市研究.文章只要东西积分科技大小.\n留言我的数据这样新闻原因今年.类型组织而且联系中国有些.\n只是实现研究计划.图片得到你的网上.', '00000000001');
INSERT INTO `company` VALUES ('5989195', 'nazheng@gmail.com', 'XFWY5447232444095', '恒聪百汇传媒有限公司', '恒聪百汇', 'u=2330170287,3160453280&fm=27&gp=0.jpg', 'http://he.cn/', '成市', '脚本开发工程师', '15-50人', 'C轮', '岗位福利', 'OFVD8390995908811.png', '钦坤', '有限美国但是的话增加但是.', 'TFOF9108927819381.png', 'TFOF9108927819381.png', '泰麒麟', 'http://www.guo.org/', '看到应该密码广告两个完全电话资料.', '学校生活社区.\n部门任何今年不同登录什么.密码主题网络.\n的是一切建设最后科技工程网络如果.人员教育如此您的生产.\n手机或者成功电脑人员科技服务.事情作者可能必须可是这些所以.大家处理学生法律.', '00000000001');
INSERT INTO `company` VALUES ('6809713', 'qiangdong@hotmail.com', 'QIJY6824118132657', '晖来计算机网络有限公司', '晖来计算', 'u=3904778016,943478294&fm=200&gp=0.jpg', 'https://lai.org/', '婷婷市', '体系工程师', '15-50人', '上市公司', '薪酬激励', 'JEOL7200859410754.png', '谷东', '进行很多类别增加发生社区工具客户.', 'GEGV6490714096864.mp4', 'GEGV6490714096864.mp4', '新宇龙信息', 'http://www.qin.cn/', '注册是一品牌软件可以文章.', '音乐服务浏览专业全国可是企业数据.帮助关于问题工程.发现中文质量相关问题单位.\n能力简介方法显示成功能力一切那么.有关手机之后支持本站谢谢.\n那个不断也是.相关表示结果拥有自己或者功能公司.', '00000000000');
INSERT INTO `company` VALUES ('7286919', 'zhaoqiang@chen.com', 'BRLN8212562113054', '戴硕电子网络有限公司', '戴硕电子', 'u=2488818952,694616025&fm=200&gp=0.jpg', 'http://www.yi.com/', '南京市', '市场通路经理/主管', '500-2000人', '天使轮', '员工福利', 'RAJO5952128435230.pdf', '沙海燕', '因此学校首页决定来源增加发展.', 'AYAD5023422578639.mp3', 'AYAD5023422578639.mp3', '时空盒数字', 'https://www.jin.cn/', '不会计划然后完成欢迎人民行业.', '表示标题主题方式.上海公司不要直接不是各种那个.介绍分析作者当前各种是否继续.手机实现发现专业.\n不会没有但是因为.有些图片下载两个发展还有.\n类别一下教育文化作为这是帖子.增加简介来源.', '00000000001');
INSERT INTO `company` VALUES ('7443183', 'yongluo@ye.com', 'BOCL3216499274254', '九方网络有限公司', '九方网络', 'u=550406120,2112605406&fm=27&gp=0.jpg', 'http://zhu.cn/', '贵阳县', '药库主任/药剂师', '15-50人', 'B轮', '员工福利', 'TWPH4672862568284.json', '寿桂花', '自己一些来源标题大学社会.', 'IQMK1405084132221.html', 'IQMK1405084132221.html', '银嘉', 'http://zou.com/', '公司推荐男人工具如果.', '活动一直能力学习品牌进入.特别只要国家国家不同发展两个.\n通过发表质量会员注册.这么深圳电影.文章朋友其实影响方式.', '00000000000');
INSERT INTO `company` VALUES ('7482311', 'guiyingxie@shen.org', 'LANO2695647999046', '创联世纪信息有限公司', '创联世纪', 'u=3904778016,943478294&fm=200&gp=0.jpg', 'https://jia.net/', '丽华市', '电子工程师/技术员', '150-500人', '天使轮', '薪酬激励', 'TWJJ5171599905303.ppt', '百玉梅', '希望更新价格软件那些.', 'GFCU3881891666535.png', 'GFCU3881891666535.png', '诺依曼软件', 'https://www.fu.com/', '增加记者显示解决.', '工作结果应该还有出来同时文件.提高那些品牌评论.\n大小欢迎解决历史这是详细积分.不要都是出来服务欢迎.\n到了支持内容来自过程.回复通过工具人员必须空间操作.世界可以自己是否公司.', '00000000000');
INSERT INTO `company` VALUES ('8095008', 'suming@kong.cn', 'FKEG7390020739931', '浙大万朋科技有限公司', '浙大万朋', 'u=1025054898,259038983&fm=27&gp=0.jpg', 'http://meng.cn/', '洋市', '酒店/宾馆经理', '150-500人', '上市公司', '员工关怀', 'CRMJ6646752940440.odt', '崔丽', '一次到了各种问题专业单位增加.', 'JYIH8066984486541.doc', 'JYIH8066984486541.doc', '盟新', 'http://zhou.cn/', '不是文件一些这些那些更新.', '大学技术工作建设包括.注意北京他们你的为什.也是出来电脑广告国内.\n一下地址自己城市方式.自己社会规定所以.只要表示基本之后汽车品牌联系能力.', '00000000000');
INSERT INTO `company` VALUES ('8113771', 'fangyin@shi.com', 'HZOR4588054161725', '商软冠联网络有限公司', '商软冠联', 'u=3904778016,943478294&fm=200&gp=0.jpg', 'https://zhu.cn/', '贵阳县', '其他', '150-500人', 'D轮', '薪酬激励', 'NRGU9414170016629.mp4', '宫佳', '根据设备日期帮助看到任何.', 'ZPZV8745521474894.xlsx', 'ZPZV8745521474894.xlsx', '凌云', 'http://liao.com/', '安全就是必须进行不要.', '联系而且制作销售空间作品.帖子所以简介那个应该中心日期事情.\n论坛威望学校只有评论介绍.详细通过服务.\n发布一种你们学习科技名称.已经全国单位行业以下经营问题.软件电子两个查看是一.', '00000000001');
INSERT INTO `company` VALUES ('8252715', 'xiaguiying@zhong.cn', 'BOZO9413016264486', 'MBP软件信息有限公司', 'MBP软', 'u=2330170287,3160453280&fm=27&gp=0.jpg', 'https://www.zou.cn/', '宇市', '物业管理专员/助理', '少于15人', 'B轮', '员工福利', 'IYHR7194763024958.jpg', '汝丽华', '不能推荐情况.', 'BQQB1696523398495.odt', 'BQQB1696523398495.odt', '群英', 'https://www.lu.cn/', '服务点击目前操作结果最新一下.', '经营技术查看认为各种觉得最后.经营以下质量这么运行显示电影.增加虽然可以评论为什.\n组织历史这么但是法律得到.城市对于北京一点今年项目.状态我的网站能力推荐操作.', '00000000001');
INSERT INTO `company` VALUES ('9034693', 'hxiong@hotmail.com', 'OQET2599066672792', '方正科技传媒有限公司', '方正科技', 'u=3904778016,943478294&fm=200&gp=0.jpg', 'http://www.xu.com/', '太原市', 'Web前端开发', '500-2000人', '未融资', '岗位福利', 'DBVV3551723610333.jpeg', '糜秀兰', '经验参加留言.', 'OAKE2763697808375.css', 'OAKE2763697808375.css', '良诺', 'https://fan.org/', '不会计划的话来自.', '部分目前阅读留言在线.中文现在系统项目环境为什.日本准备发布主要这些是否规定.\n或者这种那个深圳不过地址如此.手机重要单位根据.\n类型影响工具说明.有关为了这里直接.\n不断留言有些各种.', '00000000000');
INSERT INTO `company` VALUES ('11763901', 'sqiu@yahoo.com', 'YPOV4571128622426', '凌颖信息信息有限公司', '凌颖信息', 'u=3904778016,943478294&fm=200&gp=0.jpg', 'https://cheng.cn/', '兰州县', '兼职教师', '15-50人', 'D轮', '薪酬激励', 'XWLB7669182332013.ppt', '拓兵', '怎么实现那个责任.', 'HMZV2949662460399.pages', 'HMZV2949662460399.pages', '创汇', 'https://bai.com/', '位置任何组织孩子.', '这么可能公司.积分由于本站用户还有.完成也是历史项目不过大家.\n文章主题作者内容深圳什么.只是如何可是控制最新上海必须.说明自己那些之后.\n当前公司帖子欢迎介绍功能可能.\n发布发布谢谢我的.', '00000000001');
INSERT INTO `company` VALUES ('12163250', 'szhao@song.org', 'UVGF7210063934980', '四通科技有限公司', '四通科技', 'u=550406120,2112605406&fm=27&gp=0.jpg', 'http://cui.com/', '阳县', '安防系统工程师', '少于15人', 'C轮', '员工关怀', 'FXWP3500694085876.csv', '温浩', '很多出现能力产品.', 'WHFN0935817958857.png', 'WHFN0935817958857.png', '和泰', 'http://xia.com/', '首页为了其实继续精华.', '网上其他出来回复.最大她的来自.\n出现只是设备.\n用户信息汽车那么.系列美国文章设备.简介作者浏览地方.基本电脑类别发展通过网络规定有关.\n深圳文件学校音乐.由于所以工程投资规定.', '00000000000');
INSERT INTO `company` VALUES ('13215842', 'longmin@gmail.com', 'EEKP3233724711192', '恒聪百汇传媒有限公司', '恒聪百汇', 'u=3779147176,3287953681&fm=200&gp=0.jpg', 'http://cheng.com/', '昆明市', '互联网软件开发工程师', '500-2000人', '天使轮', '薪酬激励', 'VIAS9914188153987.xls', '双琴', '重要应用到了搜索.', 'UQIY0376804009744.js', 'UQIY0376804009744.js', '立信电子', 'http://xiang.com/', '支持你的威望类型业务数据来源.', '内容还有服务一下.加入问题应用全国提供软件.发表人民帮助免费那么.\n的话显示谢谢销售工作个人类别一起.计划点击工作一定.经营一般一次之后知道.', '00000000000');
INSERT INTO `company` VALUES ('17458221', 'xiayin@lu.cn', 'YZLO5208749029235', '良诺传媒有限公司', '良诺传媒', 'u=550406120,2112605406&fm=27&gp=0.jpg', 'https://kang.com/', '宜都市', '销售行政专员', '15-50人', '天使轮', '员工福利', 'MALH5581576909379.mov', '从建', '以后以下具有主要.', 'PIYD8382969731942.wav', 'PIYD8382969731942.wav', '飞利信', 'https://mao.cn/', '时间部分下载解决一次.', '方法注册已经.其实名称生产发布.如果具有不断部门拥有增加.\n任何时候欢迎教育有些.深圳电子谢谢安全不会进入有限.', '00000000000');
INSERT INTO `company` VALUES ('17462051', 'ping35@zou.org', 'JNLH1361200938992', '毕博诚科技有限公司', '毕博诚科', 'u=3904778016,943478294&fm=200&gp=0.jpg', 'https://jin.cn/', '平县', '家电维修', '50-150人', '天使轮', '员工福利', 'ABUK8537917272377.pptx', '萧佳', '起来单位不是学习推荐只有.', 'VKWM1118623220616.png', 'VKWM1118623220616.png', '新宇龙信息', 'https://www.peng.com/', '一种位置很多控制.', '标准一般一种中国图片投资生活女人.专业是否怎么电子任何以下项目需要.处理城市电影朋友全部.开发朋友环境工程空间因此.\n我的比较应该不要.投资回复完成提高东西简介所以.', '00000000000');
INSERT INTO `company` VALUES ('17828253', 'agao@gmail.com', 'CQTY6116184233367', '恩悌科技有限公司', '恩悌科技', 'u=726646263,2005279387&fm=200&gp=0.jpg', 'https://song.cn/', '南京县', '副总经理/副总裁', '500-2000人', 'D轮', '岗位福利', 'VICB8358815583732.jpeg', '郎彬', '当然要求成功广告由于特别评论.', 'WSUV3638723805901.gif', 'WSUV3638723805901.gif', '易动力', 'https://deng.com/', '工程教育那个网络设计.', '论坛一次使用用户对于日本根据.\n如此地方设备的人.产品提供手机完全所以规定.继续设备要求最新帖子.\n位置时间今天搜索部分其实.单位地区公司继续为什.', '00000000001');
INSERT INTO `company` VALUES ('19046068', 'umo@meng.com', 'DPVY2014805146123', '万迅电脑网络有限公司', '万迅电脑', 'u=2459654981,405363047&fm=27&gp=0.jpg', 'https://www.shao.cn/', '大冶市', '其他', '少于15人', '未融资', '员工福利', 'VVEZ9549247522804.avi', '司丹', '以后目前帖子设备应用表示.', 'UAXS3072886481322.json', 'UAXS3072886481322.json', '浙大万朋', 'https://www.han.cn/', '方式等级感觉.', '我的浏览一定学习孩子介绍.\n时间如何用户使用继续.一个具有今天谢谢经验标题.一种为什由于经济起来.\n情况原因出来本站.商品作为密码知道北京基本.文化今天市场直接.根据地址投资生产关系.', '00000000001');
INSERT INTO `company` VALUES ('19893655', 'ydu@yahoo.com', 'NOXA8073867576261', '时空盒数字传媒有限公司', '时空盒数', ' u=4243529321,2014195014&fm=27&gp=0.jpg', 'https://www.wen.cn/', '淑英县', '班车司机', '500-2000人', '天使轮', '岗位福利', 'PKHJ6827223943832.gif', '红晶', '特别实现看到名称人员标准类别电子.', 'MDRO1668474236567.jpeg', 'MDRO1668474236567.jpeg', '和泰', 'http://www.zhang.com/', '北京选择一个.', '继续非常对于这种.出来位置中心工作一起更新.国家我的文件商品问题应用完成.\n当然因为也是合作.一些城市商品责任完全对于.\n人员知道加入女人.情况方面制作这么.', '00000000001');
INSERT INTO `company` VALUES ('20749149', 'panmin@tan.cn', 'SMJI3106170884204', '天开科技有限公司', '天开科技', 'u=726646263,2005279387&fm=200&gp=0.jpg', 'http://gu.cn/', '斌市', '化工', '少于15人', '上市公司', '薪酬激励', 'IAKN1392045249741.jpg', '督桂荣', '质量方式当前社会城市内容感觉产品.', 'EWJE1624368790828.jpg', 'EWJE1624368790828.jpg', '巨奥', 'https://ding.cn/', '那个能够很多投资文章今天城市帖子.', '也是学校支持发表.运行一点更多责任也是.\n起来研究会员人员选择.同时信息时候目前国际本站会员.\n报告登录更多因此评论地区加入.查看记者说明出来的话地方价格那个.市场你们发布环境大学结果不过.', '00000000000');
INSERT INTO `company` VALUES ('21424618', 'li35@kang.com', 'QSWR3912107339240', '彩虹信息有限公司', '彩虹信息', 'u=3779147176,3287953681&fm=200&gp=0.jpg', 'http://fu.com/', '娟县', '送水工', '50-150人', 'B轮', '员工福利', 'IFFI1290359132455.png', '劳淑珍', '会员运行因此人民具有帮助男人.', 'IYVD1000966955335.bmp', 'IYVD1000966955335.bmp', '立信电子', 'http://www.fu.cn/', '在线是否显示所有原因次数起来.', '一直通过希望电影开发如何控制联系.只是只有时间商品日期产品.\n这么根据非常发表中心.介绍教育说明的人时间.回复生产数据.', '00000000000');
INSERT INTO `company` VALUES ('21621147', 'minglai@long.com', 'TKBF5384102153875', '立信电子网络有限公司', '立信电子', 'u=2488818952,694616025&fm=200&gp=0.jpg', 'https://www.zheng.com/', '秀荣县', '物业管理经理', '50-150人', '未融资', '员工关怀', 'PMRD8308625036230.wav', '籍洁', '孩子作者标题增加以上.', 'LPKR2417679614890.ppt', 'LPKR2417679614890.ppt', '维涛', 'http://www.pan.cn/', '这个方式不过主要免费音乐开发.', '到了发布最后这个.决定网上责任地方历史经济.包括为了事情实现出现.\n电子类型免费可是这些.等级国家什么不会还有国家汽车.计划完成已经学校.\n帮助相关完全对于网上方式.我们这种国家完全.', '00000000000');
INSERT INTO `company` VALUES ('24852524', 'ygu@hotmail.com', 'IYCZ6045641546740', '南康网络有限公司', '南康网络', 'u=2459654981,405363047&fm=27&gp=0.jpg', 'https://gu.net/', '军县', '畜牧师', '15-50人', 'C轮', '员工关怀', 'JDAG4444193476755.doc', '苗春梅', '提供客户公司电子.', 'IGKA1842285823588.pages', 'IGKA1842285823588.pages', '开发区世创', 'https://xiong.net/', '只要那个问题免费.', '表示专业人员名称.事情安全这样责任城市学校.方式责任应用业务发表.\n业务可能设计.\n建设世界方法安全当前那个因此加入.由于所以开发报告所有游戏.网站作品一个国家显示提供来源.', '00000000001');
INSERT INTO `company` VALUES ('27241714', 'xhu@fan.com', 'JBWP7265626285316', 'MBP软件科技有限公司', 'MBP软', 'u=3779147176,3287953681&fm=200&gp=0.jpg', 'http://kong.cn/', '巢湖县', '报关与报检', '2000人以上', '天使轮', '薪酬激励', 'TYOI6201834721660.webm', '正雷', '威望情况发展运行广告工作开发用户.', 'IGFD8816629720724.mov', 'IGFD8816629720724.mov', '快讯', 'http://ding.net/', '有限世界点击深圳情况根据.', '或者大家不要大家作为作品.电子那个位置更多的人部分出来一切.文件能够参加以上他的你们下载.\n直接经济生活.报告政府参加全国等级设计.一点应该评论开始我的结果数据.我的使用作品完成联系电影.', '00000000001');
INSERT INTO `company` VALUES ('27956908', 'na12@luo.cn', 'ZTZX5154637203894', '华成育卓科技有限公司', '华成育卓', ' u=4243529321,2014195014&fm=27&gp=0.jpg', 'http://www.shi.org/', '汕尾市', '外科医生', '少于15人', 'B轮', '员工关怀', 'FSRF2809780641086.docx', '班敏', '社区有关地址.', 'ETCF5672575362698.gif', 'ETCF5672575362698.gif', '联软', 'https://www.gong.net/', '文章作为电脑.', '出来大家继续分析.因此中文以及可是联系朋友已经.社区科技起来要求不过一些会员.\n一般阅读本站.教育如此用户公司作品更多.\n具有国内一直生产电影根据显示目前.价格以上可能.', '00000000001');
INSERT INTO `company` VALUES ('28041399', 'xiangmin@gmail.com', 'SEFV5846343103161', '九方传媒有限公司', '九方传媒', 'u=726646263,2005279387&fm=200&gp=0.jpg', 'http://www.kong.com/', '合山县', '葡萄牙语翻译', '15-50人', 'A轮', '岗位福利', 'XGYO7327372200927.flac', '赏建华', '社区一般选择成为类别关于.', 'HIWL0378551209895.txt', 'HIWL0378551209895.txt', '新宇龙信息', 'http://jia.cn/', '大学而且地址来源.', '具有工作表示更多.拥有女人组织.\n上海类别地区作为学校这么工作历史.可是管理作者密码您的精华那些.\n出来希望合作最后.东西而且控制结果喜欢是一结果都是.', '00000000000');
INSERT INTO `company` VALUES ('28986126', 'juan52@fan.com', 'KCWA1623145501459', '诺依曼软件科技有限公司', '诺依曼软', 'u=206689828,4238993565&fm=27&gp=0.jpg', 'http://www.tian.net/', '哈尔滨市', '集成电路IC设计/应用工程师', '500-2000人', 'A轮', '员工关怀', 'GEJY7205343050043.jpg', '万丹丹', '加入也是主要规定功能企业资源.', 'ZOUU9415005340140.mov', 'ZOUU9415005340140.mov', '晖来计算机', 'https://www.ren.cn/', '大家知道今年生产.', '希望信息他们而且.建设日期程序不会国家时间一定特别.要求作品经营然后发现影响名称论坛.\n您的名称中心运行精华.学习什么评论运行广告数据.提供问题电影国际历史经济成为.', '00000000000');
INSERT INTO `company` VALUES ('29464050', 'xiulan40@yahoo.com', 'VICV2094967764464', '艾提科信网络有限公司', '艾提科信', ' u=4158187819,2230870744&fm=200&gp=0.jpg', 'https://ding.com/', '玉兰县', '物流/仓储', '50-150人', 'C轮', '员工关怀', 'CWXG3556328588611.pages', '童梅', '选择非常一点全部文化名称.', 'YZSX5235083900141.jpeg', 'YZSX5235083900141.jpeg', '信诚致远', 'https://www.hu.cn/', '您的学校看到发现其中.', '状态中心全国成功.那个留言音乐开发以上.\n国家什么网站次数内容.当然类型技术广告一次单位.\n得到手机主要怎么.直接通过设计因此价格正在.\n这里能够关于解决登录结果标题.社区浏览类型无法以下.', '00000000000');
INSERT INTO `company` VALUES ('32991000', 'fengxiulan@gmail.com', 'YYFQ1612692519758', '立信电子传媒有限公司', '立信电子', ' u=4158187819,2230870744&fm=200&gp=0.jpg', 'http://www.gu.com/', '兴城县', '医疗器械注册', '50-150人', '上市公司', '员工福利', 'VGHF2366298325153.bmp', '禹桂香', '出现感觉比较男人.', 'WJNZ9261274902011.csv', 'WJNZ9261274902011.csv', '昊嘉', 'https://www.peng.cn/', '比较一定都是.', '世界技术类型结果下载.影响发布图片.不会其实东西无法知道简介.根据日本主题这是.\n阅读类型组织有些.不是中心准备方面拥有.北京得到情况发布作品状态开发.', '00000000000');
INSERT INTO `company` VALUES ('35506997', 'jianggang@xiong.org', 'ZWYD8828772612746', '彩虹传媒有限公司', '彩虹传媒', 'u=3904778016,943478294&fm=200&gp=0.jpg', 'https://www.huang.com/', '广州县', 'ERP实施顾问', '2000人以上', 'C轮', '薪酬激励', 'AYHE6595749290538.mp3', '韶帅', '大小进行环境服务规定只要.', 'QLND8314104763238.mp3', 'QLND8314104763238.mp3', '鸿睿思博', 'http://yu.com/', '空间阅读直接结果认为还是.', '提高浏览参加商品出现一般处理.管理不能项目但是销售发表重要.中心增加必须合作看到信息孩子.\n电脑当前目前各种发展建设.最大根据电脑说明.\n您的责任类别责任为什.行业软件继续经济法律阅读欢迎.', '00000000000');
INSERT INTO `company` VALUES ('36246649', 'min23@hotmail.com', 'CXWR0445772577192', '四通信息有限公司', '四通信息', 'u=3904778016,943478294&fm=200&gp=0.jpg', 'http://du.com/', '磊市', '保险客户服务/续期管理', '50-150人', 'D轮', '薪酬激励', 'HRCD0683371458049.wav', '子文', '以下注意增加怎么那个.', 'UHOA1225225724216.flac', 'UHOA1225225724216.flac', '开发区世创', 'https://www.shi.org/', '起来的人广告经营继续有些过程来自.', '控制觉得文件比较孩子积分下载当然.价格因此的人精华也是行业空间.\n部门品牌网站提供.联系软件空间在线服务其他.原因威望公司最新根据.帖子地址大学.', '00000000000');
INSERT INTO `company` VALUES ('36336715', 'daifang@qin.cn', 'NIOL1944272276843', '新宇龙信息科技有限公司', '新宇龙信', 'u=2330170287,3160453280&fm=27&gp=0.jpg', 'https://www.han.cn/', '佛山市', '传菜主管', '15-50人', 'B轮', '员工福利', 'MMLS6711234280358.js', '阴秀兰', '学校资料企业现在影响简介.', 'YDPB4114179863291.webm', 'YDPB4114179863291.webm', '凌云', 'http://www.qian.com/', '非常其实还是只要当前.', '发生完成次数的是直接自己.控制个人服务这么希望自己单位.市场生活科技开始发展朋友中国.\n任何结果如此当前的是对于.进入阅读发展.', '00000000000');
INSERT INTO `company` VALUES ('36464630', 'minshi@hotmail.com', 'FLMF3285058331793', '时空盒数字传媒有限公司', '时空盒数', 'u=2330170287,3160453280&fm=27&gp=0.jpg', 'https://liu.com/', '红县', '高级物业顾问/物业顾问', '50-150人', '上市公司', '员工关怀', 'UVMK1114659770054.webm', '连桂芳', '更多还是记者商品音乐不能.', 'IVQJ2363591939389.mp4', 'IVQJ2363591939389.mp4', '易动力', 'https://yu.net/', '其他时间美国这种.', '发展有关最新世界.北京当前简介完成只有工具.\n规定还有以及他的得到也是那么.客户销售发生情况.\n城市更新一点人员公司一点解决.社会选择说明时间有些.汽车项目开始企业原因有关.', '00000000001');
INSERT INTO `company` VALUES ('36752454', 'linyang@yahoo.com', 'IUWS6830825056856', '联软科技有限公司', '联软科技', 'u=726646263,2005279387&fm=200&gp=0.jpg', 'https://du.com/', '济南市', '海关事务管理', '少于15人', 'C轮', '员工福利', 'PMMY5206234999903.mp3', '乔欣', '电影准备问题更多只是不过.', 'UFAX0443872468399.csv', 'UFAX0443872468399.csv', '恩悌', 'https://kang.org/', '选择本站地方研究你们.', '同时关于提供所有一点文化.关系积分管理介绍参加影响.\n作品工作其实因为任何.汽车广告目前日期表示需要活动.', '00000000001');
INSERT INTO `company` VALUES ('38861857', 'yonghao@gmail.com', 'VALG4829798375288', '凌云科技有限公司', '凌云科技', 'u=3904778016,943478294&fm=200&gp=0.jpg', 'https://www.wei.cn/', '合肥市', '财务/审计/税务', '2000人以上', '未融资', '岗位福利', 'WIZJ6175438791687.png', '阳娜', '上海主要主题学生最大支持.', 'YXVG7300128480752.xls', 'YXVG7300128480752.xls', '雨林木风计算机', 'https://xia.com/', '密码中文帖子这些出现商品一定控制.', '事情其他关系我的有些.只是地址程序全部是一自己.政府参加很多比较精华.需要评论更新大学个人.\n一定全部汽车方式只有一样你们.', '00000000001');
INSERT INTO `company` VALUES ('39276698', 'xiulanjiang@gmail.com', 'NRXF0364330170032', '东方峻景科技有限公司', '东方峻景', ' u=4243529321,2014195014&fm=27&gp=0.jpg', 'http://qian.net/', '杭州市', '公司业务客户经理', '15-50人', '天使轮', '岗位福利', 'VFXX0451038012235.avi', '齐畅', '完全详细电子使用.', 'HZVU8786020032139.json', 'HZVU8786020032139.json', '信诚致远', 'https://long.cn/', '经营对于经验今年.', '类型人民图片具有.经验客户销售阅读过程销售科技.他的程序出来最后现在语言教育虽然.\n历史只有成为商品.希望无法回复国际今年可以.\n一起因为一般学生关于位置.', '00000000000');
INSERT INTO `company` VALUES ('39757487', 'wei12@wu.com', 'PTZR6219597676151', '东方峻景网络有限公司', '东方峻景', 'u=550406120,2112605406&fm=27&gp=0.jpg', 'http://zhu.cn/', '雪梅县', '工程/机械/能源', '15-50人', 'C轮', '薪酬激励', 'BVPO5050262951788.doc', '边丽', '两个主题单位发现首页推荐.', 'EPHX9460636399565.wav', 'EPHX9460636399565.wav', '飞利信', 'https://zou.cn/', '生产之间表示.', '程序会员如此阅读.其中其中资源地区自己起来.他们系列最大程序.\n评论因此相关注册不断以下.\n起来发生合作不能深圳程序留言.日期投资今天提高发展美国.\n工程特别计划进入部门介绍.生产网络为什谢谢.', '00000000000');
INSERT INTO `company` VALUES ('42268468', 'juan19@hotmail.com', 'AVDU6073599320171', '浦华众城网络有限公司', '浦华众城', 'u=550406120,2112605406&fm=27&gp=0.jpg', 'https://www.tan.org/', '嘉禾县', '塑料工程师', '少于15人', 'B轮', '员工关怀', 'HNML5620786282213.doc', '颛斌', '类别关系商品服务我们.', 'SPTH5360020288992.flac', 'SPTH5360020288992.flac', '新宇龙信息', 'http://www.fang.org/', '查看知道积分所以相关来自她的经济.', '以后成功中国部门文化.环境登录企业主题.\n到了我们不能正在还有那个.标准比较东西公司城市.\n为什如何的话业务自己.进行程序研究.项目操作当前报告内容这个.\n在线他的标准很多基本.提供公司使用一直.', '00000000000');
INSERT INTO `company` VALUES ('42280323', 'xuena@gmail.com', 'MPCJ2569896250094', '七喜网络有限公司', '七喜网络', 'u=2488818952,694616025&fm=200&gp=0.jpg', 'https://zhou.com/', '长沙市', '其它', '50-150人', 'C轮', '员工关怀', 'WNFQ3340717141440.csv', '孙婷', '管理网络所以而且联系本站应该.', 'QTLM0533213876293.mp4', 'QTLM0533213876293.mp4', '银嘉', 'https://deng.cn/', '作者您的搜索应该.', '责任公司组织如何.还是资源包括.\n正在市场日期原因浏览您的.那么责任不过电话操作北京准备.最大虽然是一方面资料名称一直上海.\n方面他的行业只有搜索准备信息.然后责任经验环境然后她的.', '00000000000');
INSERT INTO `company` VALUES ('44838218', 'liaojie@gmail.com', 'QUWA4834120618112', '艾提科信科技有限公司', '艾提科信', 'u=3779147176,3287953681&fm=200&gp=0.jpg', 'http://www.bai.org/', '哈尔滨县', '保镖', '50-150人', '上市公司', '员工关怀', 'QPTJ7531016829911.tiff', '滕莉', '必须不能有些一起单位.', 'OWUR7116184383332.jpeg', 'OWUR7116184383332.jpeg', '和泰', 'http://www.wen.com/', '决定类别欢迎您的环境.', '今天我的今年建设搜索我们参加.可以服务还有一切政府大小.\n注册可能国家技术需要日本.重要世界手机直接资源更多历史.一个网络但是设计非常.\n质量所有深圳决定.市场浏览正在用户.\n合作而且主题文章.', '00000000001');
INSERT INTO `company` VALUES ('45084775', 'wufang@yahoo.com', 'SRLX0214390926980', '浙大万朋信息有限公司', '浙大万朋', 'u=2330170287,3160453280&fm=27&gp=0.jpg', 'http://yin.com/', '合山市', '收银员', '15-50人', 'C轮', '岗位福利', 'KKBE3783581954044.html', '跋伟', '目前北京发现组织游戏论坛.', 'DHGI0069093655508.avi', 'DHGI0069093655508.avi', '银嘉', 'https://www.tan.com/', '世界关系最后这种过程文章.', '会员网络报告应用.\n时间作为其实成功联系一直问题.\n研究网上不能到了.他的感觉社会之间一种价格社区.他们以下解决客户是一是否加入.\n销售一般会员计划孩子自己行业.主要发布系统部门可以推荐注册.', '00000000001');
INSERT INTO `company` VALUES ('45964664', 'leilu@hao.com', 'VAMA8721825788377', '恒聪百汇网络有限公司', '恒聪百汇', 'u=1025054898,259038983&fm=27&gp=0.jpg', 'http://qin.org/', '红县', '服装/纺织/皮革工艺师', '150-500人', 'C轮', '员工福利', 'HSWR4515034026360.mp3', '台建华', '学习欢迎发生各种.', 'IKBC9596728503415.numbers', 'IKBC9596728503415.numbers', '凌云', 'https://www.shen.cn/', '报告中文能够能够方法.', '专业作品谢谢.看到注册查看生活.汽车新闻目前客户.得到支持看到联系以下中心.\n上海任何北京你们是否更多解决.点击以下一个不断对于因此实现.来源环境最后查看部分继续管理.', '00000000000');
INSERT INTO `company` VALUES ('46036940', 'jcui@yahoo.com', 'LJNI7947951733321', '新格林耐特网络有限公司', '新格林耐', 'u=2330170287,3160453280&fm=27&gp=0.jpg', 'http://www.peng.cn/', '桂兰县', '其他', '50-150人', '天使轮', '薪酬激励', 'LUFZ1951549009505.json', '计海燕', '社会本站觉得决定计划当前.', 'QUVN8020851508340.wav', 'QUVN8020851508340.wav', '信诚致远', 'http://www.yan.cn/', '不是增加政府最大.', '是否他们系列无法搜索推荐.这样发生评论没有.开始拥有规定人员标题.状态文件正在责任一个推荐设备人员.\n查看商品深圳软件阅读状态开发.在线还有今年下载.决定注意有限.\n可以这是在线在线认为方式一直.', '00000000001');
INSERT INTO `company` VALUES ('46389800', 'xiuying93@yahoo.com', 'XYVZ8515744642594', '戴硕电子网络有限公司', '戴硕电子', 'u=1025054898,259038983&fm=27&gp=0.jpg', 'http://su.com/', '惠州县', '售前/售后技术支持经理', '500-2000人', 'B轮', '员工福利', 'HZJJ8477642728930.bmp', '厉飞', '其他为了过程语言发表一样一次教育.', 'FPUN2664383171984.mp3', 'FPUN2664383171984.mp3', '迪摩', 'https://www.peng.org/', '学校最大得到根据积分处理.', '程序非常为什有限.研究看到会员.文化女人更多女人完全发展.\n如果专业准备.历史他的专业继续新闻.\n需要音乐提高登录网上这种相关.', '00000000000');
INSERT INTO `company` VALUES ('46847171', 'tao40@dong.cn', 'KCFM4493823541457', '联软网络有限公司', '联软网络', 'u=1494157840,1431419928&fm=200&gp=0.jpg', 'http://www.xiao.com/', '太原县', '供应商开发', '150-500人', 'C轮', '员工关怀', 'REDO1124272271543.txt', '蓝小红', '不能资源无法两个.', 'CLKR1260744623983.wav', 'CLKR1260744623983.wav', '万迅电脑', 'https://yang.com/', '图片他的积分进入看到特别作为工作.', '继续个人各种.市场语言感觉世界客户如何.孩子这个生产企业组织业务.\n音乐一般其中城市.没有服务一直文件人员大小朋友.系统深圳很多介绍美国.', '00000000001');
INSERT INTO `company` VALUES ('47662278', 'leixiang@yahoo.com', 'WHIJ2836015308401', '巨奥科技有限公司', '巨奥科技', 'u=1560305741,2588386831&fm=200&gp=0.jpg', 'https://www.dai.cn/', '成都县', 'UI设计师/顾问', '50-150人', '未融资', '员工关怀', 'BOEG0037800523330.xls', '端军', '的是控制行业软件.', 'TBKV1838122554096.png', 'TBKV1838122554096.png', '商软冠联', 'https://www.cui.cn/', '希望社区的人汽车文化项目根据准备.', '认为可能类别方法政府阅读.客户时间计划部分阅读以及文化.文化当然图片出来分析选择目前.\n精华中文次数方法深圳.制作任何管理他的出来孩子用户.\n这是产品准备作品可能解决语言.', '00000000001');
INSERT INTO `company` VALUES ('48238557', 'yanduan@gmail.com', 'KYHK9025264201201', 'MBP软件网络有限公司', 'MBP软', 'u=2488818952,694616025&fm=200&gp=0.jpg', 'https://long.net/', '西宁市', '代驾', '150-500人', '上市公司', '员工关怀', 'YTLF3981964805396.csv', '文秀云', '活动今年显示.', 'VKGF5917062742183.avi', 'VKGF5917062742183.avi', '银嘉', 'https://www.xiang.cn/', '一样孩子也是发布品牌标题数据.', '作为朋友安全直接.需要控制通过结果回复公司设备.\n以上次数简介注意.推荐基本文件基本的人历史没有欢迎.\n一定知道基本出来包括介绍政府.制作得到各种社区.', '00000000000');
INSERT INTO `company` VALUES ('49054569', 'hantao@zhao.cn', 'FILP5858373476014', '双敏电子科技有限公司', '双敏电子', 'u=2488818952,694616025&fm=200&gp=0.jpg', 'http://www.xiang.org/', '彬市', '抛光工', '50-150人', 'D轮', '员工关怀', 'IECQ9257243478934.webm', '丰超', '出现学校科技这是进入.', 'YBUU8044228752580.avi', 'YBUU8044228752580.avi', '商软冠联', 'https://peng.cn/', '免费商品注册表示.', '相关没有学校.行业研究积分美国方法品牌.成为系统位置这个就是标准.\n为什记者出现浏览.政府文件阅读日本客户一直.', '00000000001');
INSERT INTO `company` VALUES ('50540037', 'shaomin@xiao.cn', 'DCBQ6629697975669', '图龙信息科技有限公司', '图龙信息', 'u=2488818952,694616025&fm=200&gp=0.jpg', 'https://cai.com/', '齐齐哈尔县', '服装/纺织/皮革', '15-50人', 'B轮', '岗位福利', 'CYXF3559263611209.odt', '宦秀芳', '进入影响人员发现分析而且.', 'WOIS1693967713601.key', 'WOIS1693967713601.key', '四通', 'http://www.lei.com/', '谢谢帖子当前学生一起查看.', '报告帮助合作如何文化社会.\n不断知道深圳状态女人一种只有.主题国家用户表示拥有积分部门他的.\n大小那么经营一种的人基本他的.男人学生威望生产来自.精华以上事情提供电子免费.', '00000000001');
INSERT INTO `company` VALUES ('53001825', 'chaoxia@qin.com', 'DKBW0395211734186', '恒聪百汇网络有限公司', '恒聪百汇', 'u=2330170287,3160453280&fm=27&gp=0.jpg', 'http://www.chang.org/', '丽华市', '缝纫工', '500-2000人', 'B轮', '薪酬激励', 'HVEN8323021533920.mp3', '上雷', '要求学校这样什么中国事情.', 'NEJV9405845679240.wav', 'NEJV9405845679240.wav', '维旺明', 'https://www.su.cn/', '控制次数因为不能.', '手机而且根据提供企业更多特别.学校电子本站这么论坛.\n文件大家公司来自大家.学校简介孩子大学.他的设计经营全部作品美国.\n根据操作东西情况作者发布.电子建设音乐就是必须开发.', '00000000000');
INSERT INTO `company` VALUES ('54312432', 'nasu@feng.cn', 'GDJI6471420021817', '网新恒天传媒有限公司', '网新恒天', 'u=1025054898,259038983&fm=27&gp=0.jpg', 'http://www.ren.net/', '北镇县', '调研员', '50-150人', 'B轮', '薪酬激励', 'PMPO0746314661070.mp3', '应志强', '操作实现有限世界一些.', 'VLIR3258016423317.odp', 'VLIR3258016423317.odp', '浦华众城', 'http://yan.com/', '当前所有这个地区可能今天的人安全.', '记者知道使用日期实现精华.不能浏览用户运行看到.看到类别系列行业电脑一直.\n需要今天东西深圳.\n成为时候非常介绍成功音乐.具有发现以下.\n标准可能免费学习.', '00000000001');
INSERT INTO `company` VALUES ('54365032', 'wdeng@gmail.com', 'XBCW6994484174420', '艾提科信科技有限公司', '艾提科信', 'u=1025054898,259038983&fm=27&gp=0.jpg', 'http://yuan.com/', '北京县', '建筑工程验收', '15-50人', 'D轮', '员工关怀', 'EKMH6815385734004.xls', '萧慧', '拥有项目那么深圳还有游戏.', 'KKTA9053997489664.html', 'KKTA9053997489664.html', '富罳', 'https://yan.com/', '需要类型这么技术我们信息有限.', '系统为什包括是否.同时目前只有得到.这么支持只是.手机其他品牌非常音乐人员当前显示.\n能力男人怎么项目完成您的内容.次数注意你的设计以上环境.\n北京日期类别那个部门精华.政府决定如此如果解决.', '00000000001');
INSERT INTO `company` VALUES ('54844650', 'yangcao@jia.com', 'LNQY3463334133993', '南康网络有限公司', '南康网络', ' u=4158187819,2230870744&fm=200&gp=0.jpg', 'https://zou.com/', '北京市', '珠宝销售顾问', '2000人以上', 'D轮', '岗位福利', 'WSOZ3575069308113.js', '匡秀华', '类别开发一直分析不过.', 'RYEI0017742348695.pages', 'RYEI0017742348695.pages', '数字100', 'https://www.luo.cn/', '登录操作运行然后全国大学感觉.', '感觉功能当然工程非常社会.网站那些政府.\n次数今天地区得到通过.一直那些标准解决今年电影发现得到.\n必须你的所有感觉一次她的.现在资料最后发现完全所有.世界介绍欢迎销售希望生活.', '00000000001');
INSERT INTO `company` VALUES ('59215189', 'ckang@jia.cn', 'EEBB4030518447288', '趋势网络有限公司', '趋势网络', 'u=550406120,2112605406&fm=27&gp=0.jpg', 'https://zheng.net/', '云县', '高级软件工程师', '少于15人', '上市公司', '薪酬激励', 'PBXR4985969486934.webm', '曾勇', '国家首页质量比较生产.', 'OMFS6360807775008.pages', 'OMFS6360807775008.pages', 'MBP软件', 'https://hao.net/', '一次其他只有大小方式其实之间.', '帮助直接进行以上过程您的所以.各种教育设备没有企业朋友不过因为.\n可以东西然后.网上完全包括最新的是.增加增加经营日期所有这样建设个人.\n社会事情部门.工作汽车一切处理学校.', '00000000000');
INSERT INTO `company` VALUES ('59348429', 'fangna@gmail.com', 'PAHF2917097865555', '天开信息有限公司', '天开信息', 'u=1494157840,1431419928&fm=200&gp=0.jpg', 'https://www.zeng.com/', '哈尔滨县', '销售管理', '2000人以上', 'C轮', '员工福利', 'MXOP9166186056218.avi', '戴亮', '那些您的其实自己.', 'YDYG8036075923118.odt', 'YDYG8036075923118.odt', '方正科技', 'http://cao.com/', '地址一点欢迎积分也是点击帖子.', '方面全国世界电话报告他的.\n控制进行准备系列设备.经济无法之后汽车品牌文章公司.\n研究准备发展品牌更新感觉中国最大.全国位置生活国家.当然关系我的不要如何如果.\n说明拥有联系来自增加.非常包括准备.', '00000000000');
INSERT INTO `company` VALUES ('59752530', 'kliang@yahoo.com', 'GXYC9773487267401', '富罳信息有限公司', '富罳信息', ' u=4221811838,1142056487&fm=27&gp=0.jpg', 'http://www.qiao.org/', '沈阳市', '会计经理/会计主管', '15-50人', '上市公司', '员工福利', 'OXYG1182251237015.jpg', '宣红', '设备社区那些一样.', 'OOES0258814323085.flac', 'OOES0258814323085.flac', '华成育卓', 'https://www.yuan.net/', '查看拥有由于处理那个当前.', '加入谢谢人民密码地方.那个论坛经济电话到了制作.\n喜欢大小这种经验这种这么包括.以上中文支持帮助记者不要.\n网上事情以下会员只有.出现新闻大学大学显示.出来可是已经根据.', '00000000001');
INSERT INTO `company` VALUES ('60011831', 'chaocui@han.com', 'VZFF0739187147413', '新格林耐特科技有限公司', '新格林耐', 'u=550406120,2112605406&fm=27&gp=0.jpg', 'http://www.yu.cn/', '丽娟县', '工程造价师/预结算经理', '2000人以上', '上市公司', '薪酬激励', 'DAPR1760474273337.mp4', '晋超', '北京进入以后相关.', 'SSUC0445157621242.txt', 'SSUC0445157621242.txt', '开发区世创', 'https://www.han.cn/', '不能空间开发有关在线一些认为.', '他们评论一起地方本站.国家喜欢注册历史内容国际.得到回复作品下载.\n标准还是一点浏览.\n更新所有操作.作为很多信息最后帮助部分关系.使用对于根据学生.', '00000000000');
INSERT INTO `company` VALUES ('60329080', 'xiajia@gao.cn', 'PZVE5207262284380', '通际名联信息有限公司', '通际名联', ' u=4158187819,2230870744&fm=200&gp=0.jpg', 'https://xiong.com/', '合肥县', '渠道/分销经理', '少于15人', '未融资', '薪酬激励', 'MNZD0429070624483.txt', '王伟', '一起回复各种同时回复控制.', 'OONA1465855408534.mp3', 'OONA1465855408534.mp3', '昊嘉', 'https://www.peng.org/', '能力的话完成出现所有各种.', '东西不断事情正在免费.国际空间开发影响继续品牌.结果是一男人现在积分帖子系统威望.\n这种帖子应用资源过程政府.\n简介应该方式一直生活.\n应用觉得过程作品.\n你们结果等级有限免费电子.', '00000000001');
INSERT INTO `company` VALUES ('61107298', 'leikang@shao.org', 'VMOE7999048679120', '九方科技有限公司', '九方科技', ' u=4158187819,2230870744&fm=200&gp=0.jpg', 'http://www.luo.cn/', '济南市', '空乘人员', '2000人以上', '天使轮', '员工关怀', 'SMIZ9888067223624.jpeg', '乐欣', '一般相关这个喜欢都是出来品牌.', 'NCJC1876696649306.html', 'NCJC1876696649306.html', '惠派国际公司', 'https://www.wan.com/', '电脑方法因此直接人员认为发展.', '行业欢迎音乐.论坛为了之后发现以及出现电影.注册电影工具当然当然.\n详细行业你的以下.东西用户非常发现作者服务中文.人员两个原因价格信息.', '00000000000');
INSERT INTO `company` VALUES ('61788619', 'dyu@fang.com', 'VBVQ4210407145349', '联通时科传媒有限公司', '联通时科', 'u=3904778016,943478294&fm=200&gp=0.jpg', 'http://lin.net/', '桂花市', '发型师', '少于15人', 'A轮', '员工福利', 'NORF8997492500114.jpeg', '莘玉珍', '业务这里文件需要经营觉得.', 'QZAM2327101108761.flac', 'QZAM2327101108761.flac', '盟新', 'http://xiong.cn/', '中文对于制作一些单位教育.', '活动活动女人影响.这么直接但是出来电脑精华为了信息.\n处理城市最新以下管理.更多等级来源.提高根据东西如此其他.\n我的关于等级.文化网站如此回复日期.评论有限用户不能.', '00000000001');
INSERT INTO `company` VALUES ('63875706', 'nlei@gmail.com', 'PVNC3443586864764', '七喜科技有限公司', '七喜科技', 'u=1560305741,2588386831&fm=200&gp=0.jpg', 'http://mo.net/', '洁县', '预定员', '150-500人', 'D轮', '岗位福利', 'OIBD5693560675682.avi', '陶海燕', '责任信息事情继续公司管理学校.', 'JWNB8435729264291.png', 'JWNB8435729264291.png', '明腾', 'http://lu.net/', '计划中国结果不会怎么今天.', '到了学习城市问题最后一点.软件浏览朋友.\n事情语言政府准备.\n名称一次学习怎么经营.你的参加怎么美国应用客户解决.这是企业方面更多留言你的孩子地区.', '00000000001');
INSERT INTO `company` VALUES ('66568049', 'lixiang@liang.cn', 'UZKG1429626379474', '创汇信息有限公司', '创汇信息', 'u=3904778016,943478294&fm=200&gp=0.jpg', 'http://jin.cn/', '秀珍县', '房地产项目/策划经理', '150-500人', '未融资', '员工福利', 'DQJJ0728258772257.js', '阴秀梅', '深圳经验就是怎么一次帖子.', 'JMAI7142213523843.txt', 'JMAI7142213523843.txt', '东方峻景', 'http://xiong.com/', '解决日本活动重要时候开发.', '帖子他们一点已经.增加应用来源.一起作为今天就是新闻因此.\n电话文件部门最后其他论坛不要.只有影响不要日本有限非常现在专业.', '00000000001');
INSERT INTO `company` VALUES ('66739104', 'yijun@fu.org', 'VLPH4843312505541', '同兴万点科技有限公司', '同兴万点', 'u=726646263,2005279387&fm=200&gp=0.jpg', 'https://kang.cn/', '丽丽市', '医疗器械销售代表', '50-150人', 'B轮', '员工福利', 'IMWW6064911427914.odp', '谭秀芳', '全部能够联系通过注册结果非常.', 'NCJJ4369498492444.xlsx', 'NCJJ4369498492444.xlsx', '图龙信息', 'http://www.deng.cn/', '搜索操作或者当然活动因为论坛.', '只要作为一下人民.部门的是表示政府这么.上海更多以下软件.\n自己已经这些包括今天发展.软件选择能够当然对于过程.文化电影这么更多.\n一些进入运行公司深圳设计看到.进行当前只是来自科技知道一切.', '00000000000');
INSERT INTO `company` VALUES ('68347895', 'juanzhu@yahoo.com', 'ZBAE4057971096850', '银嘉网络有限公司', '银嘉网络', 'u=550406120,2112605406&fm=27&gp=0.jpg', 'http://www.zeng.com/', '通辽县', '售后服务/客户服务', '150-500人', '天使轮', '员工关怀', 'ZNMW3385867942641.webm', '侯玉华', '运行阅读应该发布女人一切.', 'IGNA7141591289021.html', 'IGNA7141591289021.html', '黄石金承', 'http://zhou.cn/', '认为软件价格学生免费安全世界.', '其中他的出来汽车.销售最大销售各种销售加入以后.\n社会建设文化一起您的一般认为.一些计划有关北京主要用户基本.', '00000000001');
INSERT INTO `company` VALUES ('69430886', 'fang63@yahoo.com', 'EIXJ2290843318054', '巨奥科技有限公司', '巨奥科技', ' u=4158187819,2230870744&fm=200&gp=0.jpg', 'http://fu.com/', '阜新县', '其他', '500-2000人', '上市公司', '员工关怀', 'LJKS6342004088312.wav', '宿瑜', '不断社区准备这里孩子提供.', 'RESJ0651331653615.txt', 'RESJ0651331653615.txt', '思优', 'https://www.cheng.cn/', '看到全国欢迎她的下载女人他的功能.', '关于电话公司所以关于这里.这么有关最新电脑社会.\n表示内容需要时候一种.状态可以所以这样发布.\n法律可能今年一直系统价格研究.回复分析日期谢谢.方面管理一点更多首页会员.', '00000000000');
INSERT INTO `company` VALUES ('70612486', 'yye@shao.com', 'LGVS7291261683964', '凌颖信息传媒有限公司', '凌颖信息', ' u=4158187819,2230870744&fm=200&gp=0.jpg', 'https://sun.cn/', '六安县', '系统架构设计师', '50-150人', 'B轮', '员工福利', 'FHBG7895172688543.avi', '勾博', '过程主题业务因为.', 'JATR5309953525526.tiff', 'JATR5309953525526.tiff', '立信电子', 'https://www.meng.cn/', '她的欢迎时候应用.', '加入时间在线这样.系列是否问题生产.\n基本之间以上感觉发展为了.更新这里解决等级汽车然后网站.\n那些查看对于处理作者学校方面.发现学校可能状态是否这是主要.支持然后你们主要控制其他计划.', '00000000000');
INSERT INTO `company` VALUES ('70820577', 'yang92@qian.com', 'ZKOQ7915555432926', '华泰通安网络有限公司', '华泰通安', 'u=726646263,2005279387&fm=200&gp=0.jpg', 'https://fang.com/', '重庆市', '铸造/锻造工程师/技师', '500-2000人', 'D轮', '员工福利', 'ZFMM0682517560766.odt', '莫伟', '名称不断都是社区作品选择.', 'YMDP2518020016670.mp3', 'YMDP2518020016670.mp3', '戴硕电子', 'http://www.xie.com/', '分析发布资料更新分析准备.', '基本发生能力行业投资.只要安全本站美国可能.\n可能关于作品因为注册.主要以上看到能够.\n最大来源进行无法可能自己或者.社区你的的人专业.', '00000000001');
INSERT INTO `company` VALUES ('72497111', 'fangxiao@kang.net', 'UDOG9984074157460', '创联世纪信息有限公司', '创联世纪', 'u=3904778016,943478294&fm=200&gp=0.jpg', 'http://www.shao.com/', '西宁市', '系统工程师', '2000人以上', 'A轮', '员工福利', 'SIFM2255272036293.css', '逯楠', '国际包括网络质量.', 'QPJB8311627965914.json', 'QPJB8311627965914.json', '银嘉', 'https://www.gao.cn/', '文章喜欢没有公司.', '直接成为投资选择图片应用.要求基本解决非常解决市场地址.\n资源位置有关决定来自.她的这些如何介绍这种其实最后.商品上海状态品牌觉得精华增加.\n而且发生分析一般地方报告发布.', '00000000000');
INSERT INTO `company` VALUES ('73815921', 'ctian@yahoo.com', 'RIRK6205260190265', '超艺科技有限公司', '超艺科技', ' u=4243529321,2014195014&fm=27&gp=0.jpg', 'http://ren.cn/', '红霞市', '家具/家居用品设计', '15-50人', 'B轮', '薪酬激励', 'KKOR9329971098096.webm', '陈飞', '作品今天文章你的.', 'RLMI3917741177614.wav', 'RLMI3917741177614.wav', '时空盒数字', 'http://dai.com/', '您的法律也是发布男人.', '回复过程没有只有时间.不是包括大家.生产以后自己价格最大介绍记者.\n社区资源工作等级.人员教育可以解决.今年成功应用学校.你的关系本站感觉.', '00000000000');
INSERT INTO `company` VALUES ('74313129', 'yong57@tian.com', 'PCJK0398981660211', '合联电子网络有限公司', '合联电子', 'u=550406120,2112605406&fm=27&gp=0.jpg', 'http://www.xiang.com/', '海燕市', '行程管理/计调', '少于15人', 'C轮', '岗位福利', 'RQSI0288947113996.xlsx', '吉玉梅', '为了都是历史目前他的继续.', 'BOLQ4805630015377.tiff', 'BOLQ4805630015377.tiff', '黄石金承', 'http://yuan.com/', '完全学生但是.', '一样文章市场有些知道各种一般相关.文章主题密码原因提供最新.包括加入北京学生地址大家.\n其他上海其他日本.当前一次也是用户为什他们.不能特别能力本站.', '00000000000');
INSERT INTO `company` VALUES ('76318986', 'liqiu@xiang.com', 'OSYX8568059227917', '南康信息有限公司', '南康信息', 'u=1560305741,2588386831&fm=200&gp=0.jpg', 'http://sun.org/', '凯县', '工程/机械绘图员', '500-2000人', 'B轮', '员工关怀', 'TCQN3259560443575.avi', '粱坤', '一下的话程序今天.', 'KZRB1539996672780.wav', 'KZRB1539996672780.wav', '天益', 'https://lin.com/', '是一操作状态情况.', '电影比较很多这么直接.\n质量最大成为希望知道部分非常.通过公司还是一起以下首页帖子.\n解决但是支持组织.是一解决首页方式中文.是一你们方式行业.', '00000000000');
INSERT INTO `company` VALUES ('77291707', 'yong03@zhang.cn', 'KGFH1404206425253', '双敏电子传媒有限公司', '双敏电子', ' u=4243529321,2014195014&fm=27&gp=0.jpg', 'http://www.yao.cn/', '文县', '其他', '50-150人', 'A轮', '员工福利', 'MMAZ6221525180404.webm', '濮凤英', '正在人民说明然后我的电话.', 'RGFS8470109971814.key', 'RGFS8470109971814.key', '迪摩', 'http://bai.cn/', '社区有关大小还有.', '地方同时有些目前两个方式不断.设计客户方面的是我的日本.直接经济影响.\n根据喜欢功能学习行业精华通过时间.\n单位电脑之间更新介绍.以下提供登录生活设计地方.', '00000000001');
INSERT INTO `company` VALUES ('81744404', 'zouming@jia.net', 'AQQA7479239719879', '联通时科信息有限公司', '联通时科', ' u=4158187819,2230870744&fm=200&gp=0.jpg', 'http://yin.com/', '林市', '财务助理/文员', '150-500人', 'A轮', '员工关怀', 'BYNO4778567562059.txt', '查杨', '来自提供广告.', 'HLWG0761633275297.doc', 'HLWG0761633275297.doc', '图龙信息', 'http://www.yan.org/', '如果单位详细业务浏览.', '历史管理论坛需要.注意增加什么加入.\n原因网上什么我的.登录类型公司论坛参加商品怎么.\n继续游戏就是为什加入.环境世界欢迎工作回复一直.', '00000000001');
INSERT INTO `company` VALUES ('81802159', 'minhou@gmail.com', 'MRKX5236909810634', '凌云信息有限公司', '凌云信息', 'u=3904778016,943478294&fm=200&gp=0.jpg', 'https://yi.com/', '兴城县', '手机维修', '少于15人', 'C轮', '员工关怀', 'QMTH4075160601802.flac', '赵浩', '目前详细人员其实.', 'GGIE7255498163813.docx', 'GGIE7255498163813.docx', '东方峻景', 'https://www.wan.com/', '也是教育美国系列积分一种之间.', '她的留言其实知道可能不要.质量朋友重要之间最新的话.经验最大直接发布觉得学生完全.\n查看服务为什今年服务公司技术.地方积分表示为什.一直社会系统是一经验一定而且语言.', '00000000000');
INSERT INTO `company` VALUES ('82880378', 'qianggong@ren.org', 'KASI2248257546914', '诺依曼软件网络有限公司', '诺依曼软', ' u=4158187819,2230870744&fm=200&gp=0.jpg', 'http://cui.cn/', '济南市', '休闲娱乐', '150-500人', 'D轮', '员工福利', 'YCBU9865748442572.jpeg', '和建华', '以上提供起来实现.', 'IMEV9026295418096.html', 'IMEV9026295418096.html', '网新恒天', 'https://lu.cn/', '设计原因所以处理安全.', '一定中文我们有限.\n中文可以但是因为正在.一定过程最新表示之后.\n虽然电子需要密码到了文章.类型推荐发生情况成为.\n通过其中一个而且不同信息设备.部分基本希望参加.音乐网上一般为了显示操作销售.', '00000000000');
INSERT INTO `company` VALUES ('82956158', 'nfu@yahoo.com', 'WGOZ8616020652863', '菊风公司信息有限公司', '菊风公司', ' u=4243529321,2014195014&fm=27&gp=0.jpg', 'http://www.tian.cn/', '丹丹县', '硬件测试', '15-50人', 'D轮', '薪酬激励', 'YYHE0659911137092.mp3', '徒雪', '也是显示全国一起个人作品处理.', 'JCLU6388750478377.bmp', 'JCLU6388750478377.bmp', '万迅电脑', 'http://www.cheng.org/', '她的经营这是.', '影响不要规定.更新政府留言质量经营最新出现.必须没有现在信息经营信息下载内容.\n状态过程比较.方法活动这么不断发表问题品牌.威望比较原因不能虽然不同.数据发现那么.', '00000000001');
INSERT INTO `company` VALUES ('83163753', 'fang13@jin.cn', 'AHCN3475840255113', '盟新信息有限公司', '盟新信息', 'u=726646263,2005279387&fm=200&gp=0.jpg', 'https://www.chen.com/', '霞市', '装订工', '2000人以上', 'C轮', '员工关怀', 'BCCQ2278749907473.webm', '淳欢', '关系情况学生经济影响.', 'ILRI5025486561052.js', 'ILRI5025486561052.js', '四通', 'http://yao.org/', '这些最大非常我们服务同时教育.', '深圳不要你的运行日本手机.\n这些喜欢不要登录帖子.根据在线销售知道.事情帖子设计类型.\n网络决定科技责任.空间新闻所以以后技术使用企业.一切分析产品.\n我们觉得这种准备目前.', '00000000001');
INSERT INTO `company` VALUES ('85099715', 'nzhao@yahoo.com', 'GIUY5089638642854', '襄樊地球村网络有限公司', '襄樊地球', 'u=2330170287,3160453280&fm=27&gp=0.jpg', 'https://liu.com/', '琴县', '足疗', '少于15人', '未融资', '员工关怀', 'JOTK2190778645695.wav', '韩龙', '品牌对于学习现在.', 'XXLZ6053115523234.ppt', 'XXLZ6053115523234.ppt', '数字100', 'https://www.lin.com/', '社会有限要求生活所有如何使用之间.', '功能运行操作的话使用为了.正在不要一样提供具有生活.\n非常相关欢迎资料系列.知道只要科技本站软件相关.\n语言以及操作大学回复时间他们.来自行业非常以上社区位置.政府计划之间文化.', '00000000001');
INSERT INTO `company` VALUES ('85504172', 'yangsun@zhu.cn', 'PKSB9545112793741', '凌颖信息传媒有限公司', '凌颖信息', 'u=206689828,4238993565&fm=27&gp=0.jpg', 'http://www.lin.org/', '潮州市', '压痕工', '少于15人', 'A轮', '薪酬激励', 'LGNZ2825154539086.png', '和晨', '世界环境一样同时最后都是政府部门.', 'CBNB1891923178973.avi', 'CBNB1891923178973.avi', '群英', 'http://www.han.com/', '以及计划社会系统感觉朋友有关.', '项目销售能力深圳活动销售.您的商品国内.不是之后任何必须继续精华.\n大学计划很多通过开发世界.一起为了使用大家孩子通过.最后的话生产如此资料开发关于不能.', '00000000000');
INSERT INTO `company` VALUES ('86256018', 'kangfang@han.cn', 'YYPL2488628666328', '南康网络有限公司', '南康网络', 'u=726646263,2005279387&fm=200&gp=0.jpg', 'https://yuan.com/', '磊市', '房地产开发', '少于15人', '上市公司', '岗位福利', 'FHJS6010881190825.webm', '东红霞', '电影我们感觉所有看到是一.', 'IVJR3216500810272.flac', 'IVJR3216500810272.flac', '时刻', 'https://zhou.net/', '为了解决是否.', '方式出来以下一种软件参加之后.是一学习到了一点有限手机两个.\n评论这么国际发展根据位置.只要活动系列今天日期.\n投资希望当然开发系列简介.功能生活社区要求网上以下.一下行业这个谢谢规定我们只要还有.', '00000000001');
INSERT INTO `company` VALUES ('86840460', 'ulong@long.cn', 'ZCWV9301334597131', '浙大万朋网络有限公司', '浙大万朋', ' u=4158187819,2230870744&fm=200&gp=0.jpg', 'https://shi.cn/', '南昌市', '电力工程师/技术员', '150-500人', 'B轮', '岗位福利', 'JQMS0760449758144.webm', '阚金凤', '不是现在生活如果资源信息.', 'LKUJ5961655435288.flac', 'LKUJ5961655435288.flac', '飞利信', 'http://wang.net/', '服务规定游戏通过.', '会员空间的话过程自己.一个出来行业一种美国世界情况.地方对于使用开发.\n详细来源看到认为.增加类型全部学习现在她的.', '00000000001');
INSERT INTO `company` VALUES ('87024012', 'fangqiu@fang.cn', 'ILEW7613552224287', '精芯科技有限公司', '精芯科技', 'u=1560305741,2588386831&fm=200&gp=0.jpg', 'http://www.feng.com/', '玉华市', '销售人员', '50-150人', 'C轮', '员工福利', 'IAOY4206156322327.mp3', '寿娟', '北京处理很多.', 'WUXJ1513245487442.mov', 'WUXJ1513245487442.mov', '彩虹', 'https://dong.com/', '设计中国他的事情电脑密码销售.', '说明只是不会.得到方式部门之间内容应用等级.可以首页美国国家类别能够.\n这里今年以后联系帖子活动.下载问题大学.使用政府如何怎么知道.\n最大国家记者语言中心名称回复今年.已经这样评论学生对于拥有.', '00000000000');
INSERT INTO `company` VALUES ('87735277', 'changjuan@yahoo.com', 'SGVV8504574154362', '毕博诚网络有限公司', '毕博诚网', 'u=1494157840,1431419928&fm=200&gp=0.jpg', 'http://fan.com/', '乌鲁木齐市', '中餐厨师', '2000人以上', 'A轮', '员工关怀', 'TEGG8744047065133.flac', '郏佳', '目前操作组织进行.', 'TBBP2037508973109.bmp', 'TBBP2037508973109.bmp', '艾提科信', 'http://www.tan.com/', '运行包括发生有限.', '到了影响完成包括最后.回复上海网上开始这些成功影响中文.个人根据只有作为其他.产品计划因此那些资料只要基本.\n经营知道关系不会帮助继续这么文化.一样社会一点经验.', '00000000001');
INSERT INTO `company` VALUES ('87916492', 'xuejie@liao.org', 'XLPW3293594328108', '立信电子传媒有限公司', '立信电子', 'u=2459654981,405363047&fm=27&gp=0.jpg', 'http://www.kang.cn/', '东莞县', '副总经理/副总裁', '150-500人', '上市公司', '岗位福利', 'QSGC1827633516926.webm', '夹建', '价格因此对于系统安全.', 'HACQ1041256954770.webm', 'HACQ1041256954770.webm', '良诺', 'http://feng.net/', '设计我们下载数据这种.', '所以问题次数进入基本应该出现.如何研究业务他们次数本站.\n还是介绍研究.得到还是类型那么地区.可能操作次数工作资源用户影响有些.', '00000000001');
INSERT INTO `company` VALUES ('88809441', 'fanghu@jin.com', 'HNLJ7675093522933', '华远软件科技有限公司', '华远软件', 'u=1494157840,1431419928&fm=200&gp=0.jpg', 'https://www.yu.net/', '沈阳县', '商务助理', '少于15人', '未融资', '员工关怀', 'EUVC1883369469750.doc', '濮桂芝', '如此单位免费地区.', 'PQIV0719667974372.webm', 'PQIV0719667974372.webm', '迪摩', 'https://www.kong.org/', '欢迎处理销售经济联系由于不会类别.', '人员地址广告一般.分析的人法律上海.\n注意到了分析法律关系无法学习.点击价格类别男人.这个发现问题推荐历史.不会重要语言报告.\n浏览客户怎么功能成功关于他们.北京应该查看内容必须完成.', '00000000001');
INSERT INTO `company` VALUES ('88813912', 'mingtang@hotmail.com', 'EHXX5890381989726', '创亿科技有限公司', '创亿科技', 'u=550406120,2112605406&fm=27&gp=0.jpg', 'http://yin.com/', '浩县', '音效师', '15-50人', '上市公司', '岗位福利', 'BAAN5907964763770.mov', '俞想', '评论点击以后责任各种这个.', 'CYGS5621190303293.mp4', 'CYGS5621190303293.mp4', '万迅电脑', 'https://yuan.com/', '计划的话免费可能一直社会以后经验.', '出来由于经济名称.那个来源电影支持.拥有提高资料环境进行.\n分析管理来自的人你的女人.大小任何经济深圳支持.进行是否技术加入女人不断.', '00000000001');
INSERT INTO `company` VALUES ('91006899', 'juan27@meng.cn', 'NLWI5354223929482', '浙大万朋科技有限公司', '浙大万朋', ' u=4243529321,2014195014&fm=27&gp=0.jpg', 'https://www.dong.cn/', '六安县', '保险', '15-50人', '上市公司', '岗位福利', 'FSMB4853723591429.wav', '步冬梅', '电影社会工具空间联系.', 'ACFY2979956496728.jpg', 'ACFY2979956496728.jpg', '泰麒麟', 'http://xue.org/', '由于帖子登录虽然他们客户而且地方.', '全国只有游戏最大可是推荐关系.作品一般音乐单位原因文化.\n一下上海那个.世界进入计划日本.\n法律地区公司只是女人.\n以后知道北京成为发表密码.', '00000000000');
INSERT INTO `company` VALUES ('93423793', 'yong64@gmail.com', 'DMQO0031215130313', '济南亿次元网络有限公司', '济南亿次', 'u=3904778016,943478294&fm=200&gp=0.jpg', 'http://ye.cn/', '淑珍市', '物业管理专员/助理', '150-500人', 'B轮', '岗位福利', 'EGDE5574884118507.avi', '谈宁', '安全功能同时比较一切电子学习.', 'FCBG9580686355116.js', 'FCBG9580686355116.js', '戴硕电子', 'http://luo.com/', '城市应该帮助正在.', '以下他的游戏作者的是具有可是.同时积分只有两个专业次数.基本程序阅读其他投资以上科技情况.\n同时个人不会提供个人时间.一个拥有孩子质量项目音乐.工程大学名称过程能够.', '00000000000');
INSERT INTO `company` VALUES ('95366180', 'yong11@yahoo.com', 'HWID4892815429771', '开发区世创信息有限公司', '开发区世', ' u=4158187819,2230870744&fm=200&gp=0.jpg', 'http://wei.cn/', '海口市', '珠宝销售顾问', '2000人以上', 'B轮', '员工福利', 'HDES0016117372500.json', '茅莹', '其他市场发表项目.', 'GPDL0343493412930.doc', 'GPDL0343493412930.doc', '飞利信', 'http://wen.cn/', '介绍学习文章直接.', '功能以后一起手机.免费城市可是也是但是社会项目.人民单位计划全部方面显示如果.\n首页一次音乐安全一样人民建设.政府今年进入一起地址.\n男人价格解决资料.男人法律名称只有主要还是.资源类型的人影响.', '00000000000');
INSERT INTO `company` VALUES ('95723488', 'laixia@du.cn', 'PWQL8804177735487', '泰麒麟网络有限公司', '泰麒麟网', ' u=4158187819,2230870744&fm=200&gp=0.jpg', 'http://jia.com/', '长春县', '成本经理/成本主管', '2000人以上', 'B轮', '薪酬激励', 'TZDH0941981832202.tiff', '岳桂兰', '建设完全社会为什最新科技位置.', 'INYM1419006283192.flac', 'INYM1419006283192.flac', 'MBP软件', 'http://www.yu.com/', '完成控制对于城市进入.', '今年国内那些.\n同时规定状态语言大学一定.设备进行需要北京.\n更新社会那个.文化评论这个过程孩子的话.\n北京质量谢谢推荐.阅读作者增加主题然后目前资料.关系出现表示记者需要作者作为阅读.', '00000000000');
INSERT INTO `company` VALUES ('96433454', 'xiuyingqiu@guo.net', 'MOJV3095802064328', '毕博诚传媒有限公司', '毕博诚传', 'u=206689828,4238993565&fm=27&gp=0.jpg', 'http://du.cn/', '红市', '维修经理/主管', '少于15人', 'B轮', '员工关怀', 'CJNW1208715741739.avi', '钮浩', '就是需要人员.', 'WWPE9176593117918.avi', 'WWPE9176593117918.avi', '明腾', 'http://www.fu.org/', '您的要求正在销售世界地址环境.', '原因帮助东西类别不过产品开发.东西感觉过程标准.一直而且知道一种.\n用户最后经济安全学校我的.这些不要这里.正在这种新闻谢谢.\n的是人民免费时候当然那么.', '00000000000');
INSERT INTO `company` VALUES ('96514863', 'zding@jiang.cn', 'NZYZ8238321678323', 'MBP软件传媒有限公司', 'MBP软', 'u=2488818952,694616025&fm=200&gp=0.jpg', 'http://www.yuan.cn/', '雷市', '法语翻译', '50-150人', 'D轮', '薪酬激励', 'BZAD3708974518699.flac', '强峰', '发布等级不同这些处理您的.', 'VJME7769899041517.jpg', 'VJME7769899041517.jpg', '维旺明', 'http://duan.net/', '女人来源目前基本发展应用不会.', '是否注意游戏产品学生发现登录.为了世界法律回复我们.业务北京操作重要电话单位评论.\n技术操作标题就是标题有限.安全希望空间支持方面.', '00000000001');
INSERT INTO `company` VALUES ('98525577', 'nzeng@gmail.com', 'ZVAC3569522832871', '联通时科信息有限公司', '联通时科', 'u=2488818952,694616025&fm=200&gp=0.jpg', 'https://www.fu.org/', '梧州市', '送餐员', '15-50人', 'C轮', '薪酬激励', 'c0052c69ef4546c3b7d08366d0744974.jpg', '富丽丽', '东西语言那些文章电脑.', 'c0052c69ef4546c3b7d08366d0744974.jpg', 'c0052c69ef4546c3b7d08366d0744974.jpg', '浙大万朋', 'http://lin.com/', '需要发布威望什么提高社区以后.', '网络市场开始必须.喜欢出来活动在线成为.\n来自注册方面都是.能力那些方法网络组织不会学习.起来其他科技如此管理密码无法.东西记者上海你们.\n那个名称必须当然社会谢谢.看到为了朋友用户文件制作人员.', '00000000000');
INSERT INTO `company` VALUES ('98582266', 'yan45@hotmail.com', 'BCHW2005672609424', '华泰通安网络有限公司', '华泰通安', 'u=3779147176,3287953681&fm=200&gp=0.jpg', 'http://xia.com/', '合肥市', '业务分析经理/主管', '150-500人', '天使轮', '员工福利', '5caf8f9631114bf990f87bb11360653e.png', '林建', '企业是一必须活动销售.', '5caf8f9631114bf990f87bb11360653e.png', '5caf8f9631114bf990f87bb11360653e.png', '时刻', 'http://www.chang.org/', '学生经验结果你的.', '人民行业北京.文化查看这样.自己安全您的关于.\n这里时间在线有些提高最大文化.其中一个人民深圳业务过程大学.解决提供得到为了.\n一下准备公司继续为什.的话全部报告.\n增加质量基本工具.', '00000000000');
INSERT INTO `company` VALUES ('98702312', 'pinglong@yahoo.com', 'HIUJ6681595170606', '天益信息有限公司', '天益信息', 'u=1025054898,259038983&fm=27&gp=0.jpg', 'http://yin.com/', '济南市', '政府事务管理', '500-2000人', 'D轮', '岗位福利', 'f4822a445a8b495ebad81fcfad3e40e2.jpg', '舒明', '由于为什在线.', 'f4822a445a8b495ebad81fcfad3e40e2.jpg', 'f4822a445a8b495ebad81fcfad3e40e2.jpg', '昊嘉', 'http://zhang.cn/', '为了北京这样活动产品社区.', '参加不是市场以上大小生产不同.我的建设当然不要之后喜欢感觉.价格是一特别信息大学注册.\n一切那个可是完成企业.精华类型工具基本.\n显示关系制作价格成功经营.帮助不断方面根据情况.深圳次数有些操作.', '00000000001');
INSERT INTO `company` VALUES ('99909734', 'weiwei@yahoo.com', 'ELZO8727705707575', '明腾科技有限公司', '明腾科技', 'u=3779147176,3287953681&fm=200&gp=0.jpg', 'https://www.gong.cn/', '丽娟市', '活动执行', '50-150人', '天使轮', '员工福利', 'c75654bc2ab141df8218983cfe5c89f9.jpg', '邢秀珍', '非常怎么工作地址由于.', 'c75654bc2ab141df8218983cfe5c89f9.jpg', 'MIGU3235309744245.mp3', '济南亿次元', 'https://www.qiao.com/', '不断地址推荐这么拥有.', '还是加入工具的人注意影响下载.认为但是任何.\n非常学习文化所有什么看到.完全自己电影有限时间.\n什么公司有些论坛.任何还有直接得到这种.\n这样设备工具为了时间类别.', '00000000001');
INSERT INTO `company` VALUES ('99909736', '456@qq.com', 'AA0A51D318F84C2200A5CD2B382D6026', '优酷科技有限公司', '优酷科技', 'u=1025054898,259038983&fm=27&gp=0.jpg', 'https://www.youku.com', '北京市1', '视频', '2000人以上', 'A轮', '员工福利', '2bba2b71d0b0443eaea1774f7ee17c9f.png', '杨卫东', '杨卫东个人介绍', 'f31fbe096b63f624ce429b8d8c44ebf81a4ca325.jpg', 'f31fbe096b63f624ce429b8d8c44ebf81a4ca325.jpg', '优酷视频2', 'www.youku.com1', '这世界很酷33', '这世界很酷', '00000000001');
INSERT INTO `company` VALUES ('99909737', 'lianxiang@qq.com', '213123131', '联想科技有限公司', '联想科技', 'u=3904778016,943478294&fm=200&gp=0.jpg', 'https://www.lianxian.com', '北京', '计算机', '2000人以上', 'D轮', '岗位福利', 'a254b11ecead45bda166afa8aaa9c8bc.jpg', '柳传志', '世界需要联想', '0df431adcbef760951dffc2a24dda3cc7dd99eaa.jpg', '0df431adcbef760951dffc2a24dda3cc7dd99eaa.jpg', '联想科技', 'www.lianxiang.com', '这世界需要联想', '联想介绍', '00000000000');
INSERT INTO `company` VALUES ('99909738', '789@qq.com', '2B7A6ABA197EA0DDE71D8C65D51ABBEF', null, null, null, null, null, null, null, null, null, null, null, null, null, null, null, null, null, null, null);

-- ----------------------------
-- Table structure for job
-- ----------------------------
DROP TABLE IF EXISTS `job`;
CREATE TABLE `job` (
  `jobId` int(11) NOT NULL auto_increment,
  `companyId` int(11) default NULL,
  `c3Id` int(11) default NULL,
  `departments` varchar(50) default NULL,
  `workType` int(11) default NULL COMMENT '工作性质0：全职 1: 兼职 2：实习',
  `education` int(11) default NULL COMMENT '学历要求学历 0：大专 1：本科 2：硕士 3：博士4: 其他',
  `jobTemptation` varchar(50) default NULL,
  `jobDescribe` varchar(256) default NULL,
  `jobAddress` varchar(256) default NULL,
  `jobEmail` varchar(50) default NULL,
  `salaryBegin` int(11) default NULL,
  `salaryEnd` int(11) default NULL,
  `jobCity` varchar(50) default NULL,
  `JobexpErience` varchar(50) default NULL,
  `beginTime` timestamp NULL default CURRENT_TIMESTAMP,
  `endTime` timestamp NOT NULL default '0000-00-00 00:00:00',
  `hits` int(11) default NULL,
  `state` int(11) default NULL COMMENT '状态0：删除，1：刚发布 2：已经结束',
  PRIMARY KEY  (`jobId`),
  KEY `FK_Relationship_4` (`companyId`),
  CONSTRAINT `FK_Relationship_4` FOREIGN KEY (`companyId`) REFERENCES `company` (`companyId`) ON DELETE CASCADE ON UPDATE CASCADE
) ENGINE=InnoDB DEFAULT CHARSET=utf8;

-- ----------------------------
-- Records of job
-- ----------------------------
INSERT INTO `job` VALUES ('758765', '98525577', '33', '品牌/部门', '1', '1', '地方学校所以时间生活支持世界.', '中国数据同时北京.', '山东省洋市龙潭石家庄街O座 295876', 'yangxia@hou.com', '32', '36', '香港市', '1-3年', '2018-08-24 17:36:06', '2016-08-06 15:42:33', '7505', '2');
INSERT INTO `job` VALUES ('2432311', '96514863', '41', '银行柜部门', '1', '2', '的话回复已经.', '等级其他作者看到开发有关国家.', '四川省兴城市南长仲街b座 582668', 'jing61@hotmail.com', '1', '5', '建华市', '1-3年', '2017-02-14 10:24:03', '2018-05-02 05:16:51', '1967', '2');
INSERT INTO `job` VALUES ('3960332', '4547778', '87', '锅炉工部门', '2', '3', '方式经营这里只有公司提高一点.', '直接之间城市.', '宁夏回族自治区贵阳县沙湾汕尾街t座 838362', 'cmao@gu.com', '3', '7', '秀云县', '1年以下', '2017-11-07 06:05:36', '2016-03-26 13:06:55', '151', '0');
INSERT INTO `job` VALUES ('5577156', '60329080', '78', '育婴师部门', '1', '4', '影响图片建设浏览具有.', '欢迎情况选择生活.', '内蒙古自治区齐齐哈尔市高明柳州路N座 138463', 'juanwen@zhang.com', '40', '44', '龙市', '1-3年', '2017-07-06 20:54:49', '2017-02-18 14:53:26', '1890', '2');
INSERT INTO `job` VALUES ('6216771', '98702312', '123', '综合门部门', '1', '4', '参加处理专业技术.', '看到问题学习正在一切.', '吉林省马鞍山县海港永安路F座 913781', 'junpan@hotmail.com', '18', '22', '斌市', '3-5年', '2018-06-28 18:19:48', '2016-06-19 20:19:02', '2526', '0');
INSERT INTO `job` VALUES ('6640897', '44838218', '75', '展览/部门', '1', '3', '汽车发表点击更新帮助中国销售.', '觉得应该她的来源合作文章.', '贵州省沈阳县友好关岭街i座 909960', 'jietao@ren.com', '40', '44', '秀梅县', '10年以上', '2017-12-22 05:01:32', '2016-10-25 02:08:02', '1278', '0');
INSERT INTO `job` VALUES ('6739690', '8113771', '20', '内科医部门', '2', '2', '空间类别完成.', '任何社区以后你们只有.', '青海省桂芳县朝阳南京街X座 618607', 'liuping@gmail.com', '7', '11', '辽阳市', '1年以下', '2016-01-24 02:40:03', '2016-02-29 01:07:24', '2359', '1');
INSERT INTO `job` VALUES ('7199059', '46389800', '104', '风险管部门', '0', '4', '那些美国发布起来看到比较工作.', '分析很多同时结果.', '黑龍江省天津市平山文路I座 218211', 'nahan@gmail.com', '35', '39', '汕尾市', '应届毕业生', '2016-06-18 02:53:40', '2018-08-03 08:07:21', '77', '1');
INSERT INTO `job` VALUES ('7206931', '83163753', '11', '会籍顾部门', '0', '2', '免费以及报告通过一个首页查看.', '更新所以需要会员.', '黑龍江省拉萨市安次卓路g座 416123', 'guiying98@gmail.com', '47', '51', '淑兰市', '不限', '2017-04-25 20:13:11', '2018-11-28 00:49:32', '2839', '2');
INSERT INTO `job` VALUES ('8120052', '91006899', '147', '网店店部门', '2', '2', '规定自己成功当前.', '北京中国全国阅读根据作为注册.', '四川省西安市丰都通辽街F座 230100', 'pgao@hou.com', '26', '30', '博县', '3-5年', '2018-10-22 09:29:00', '2018-05-31 13:45:41', '6942', '0');
INSERT INTO `job` VALUES ('8562623', '7286919', '113', '护工部门', '1', '2', '一次欢迎有些基本分析公司.', '有些主要没有.', '吉林省凯县崇文北镇路c座 441864', 'ping44@wei.com', '42', '46', '梧州县', '5-10年', '2018-02-23 22:18:27', '2016-07-18 14:44:12', '9941', '2');
INSERT INTO `job` VALUES ('11019268', '50540037', '18', '店铺推部门', '2', '3', '到了或者自己汽车今年已经然后.', '这样积分那些教育社会的人业务.', '安徽省惠州县安次合山街u座 341733', 'daiming@yahoo.com', '15', '19', '琴市', '应届毕业生', '2016-05-29 00:49:12', '2016-07-12 11:02:23', '380', '1');
INSERT INTO `job` VALUES ('12362233', '87735277', '81', '通信技部门', '2', '0', '公司最后美国分析运行深圳.', '国内也是就是然后增加下载.', '河南省红市高港虞街H座 828293', 'tao83@zheng.net', '49', '53', '淑兰市', '3-5年', '2017-03-10 09:05:15', '2017-09-07 18:53:20', '6767', '2');
INSERT INTO `job` VALUES ('13628710', '5989195', '82', '无线通部门', '1', '1', '什么知道精华中国.', '发布那个应用当然.', '四川省通辽市金平全街u座 588097', 'cuijun@lei.cn', '40', '44', '巢湖县', '10年以上', '2016-02-13 00:11:57', '2018-02-04 23:05:52', '6752', '1');
INSERT INTO `job` VALUES ('15584359', '7482311', '107', '业务分部门', '1', '4', '之后市场因此你们以下.', '他的到了你们文件可是因为搜索虽然.', '宁夏回族自治区彬市海港胥路v座 329556', 'lichang@hotmail.com', '41', '45', '北镇县', '5-10年', '2018-03-07 12:53:28', '2016-09-05 15:19:45', '9590', '0');
INSERT INTO `job` VALUES ('16767614', '7443183', '7', '车辆质部门', '2', '2', '不同如此留言出现.', '程序起来联系增加今年标准包括以上.', '湖南省秀英市海陵福州路U座 365960', 'min03@qiao.cn', '26', '30', '岩县', '3-5年', '2016-06-02 07:56:46', '2016-04-25 07:31:26', '3617', '2');
INSERT INTO `job` VALUES ('19900438', '42268468', '85', '面料辅部门', '0', '0', '搜索游戏质量提高.', '以后这种应用不能如何这些.', '福建省哈尔滨县白云尹路n座 681852', 'xiuyinglu@hotmail.com', '4', '8', '郑州市', '3-5年', '2018-03-28 23:41:18', '2017-05-29 00:01:55', '9587', '0');
INSERT INTO `job` VALUES ('19920672', '98582266', '23', '混凝土部门', '1', '4', '联系活动留言威望精华投资直接.', '下载以上之间方法所有一次.', '云南省杭州县友好拉萨街U座 254644', 'wei10@hotmail.com', '13', '17', '广州市', '3-5年', '2016-07-01 13:05:47', '2018-06-14 20:22:10', '2424', '1');
INSERT INTO `job` VALUES ('20089740', '46847171', '47', '人力资部门', '0', '1', '注意不断类型主要.', '文件城市需要然后如此正在价格不同.', '江西省秀荣市友好天津路t座 229300', 'gang71@gmail.com', '13', '17', '呼和浩特县', '应届毕业生', '2018-09-17 19:23:05', '2016-01-24 16:55:30', '2489', '0');
INSERT INTO `job` VALUES ('20771317', '81744404', '105', '叉车/部门', '1', '4', '管理查看影响当然一样感觉大小.', '来源能力工程作品公司.', '广东省宁市高港花路E座 130582', 'jie90@feng.net', '26', '30', '娜县', '10年以上', '2016-01-15 19:55:34', '2018-05-30 07:11:25', '7345', '2');
INSERT INTO `job` VALUES ('22582706', '66739104', '11', '化工实部门', '2', '1', '标准来自一起新闻.', '什么作为虽然主要进行.', '浙江省海口县高坪何路w座 485667', 'xujing@hotmail.com', '35', '39', '畅市', '3-5年', '2017-08-23 18:29:34', '2016-09-24 17:43:45', '672', '1');
INSERT INTO `job` VALUES ('24394888', '85504172', '2', '市场助部门', '1', '0', '都是以及两个学校.', '其中责任成功之后.', '贵州省瑞县萧山合山街F座 850542', 'ming20@yahoo.com', '37', '41', '潜江市', '3-5年', '2017-01-20 00:03:33', '2017-09-12 02:47:59', '3705', '1');
INSERT INTO `job` VALUES ('26547329', '2110158', '27', '通信技部门', '2', '3', '全部合作基本.', '工程今年各种控制.', '贵州省建国县双滦福州街q座 625805', 'yongtao@hotmail.com', '7', '11', '南昌市', '1-3年', '2016-08-23 01:10:59', '2017-10-08 22:30:25', '9141', '2');
INSERT INTO `job` VALUES ('28512868', '541640', '96', '物流主部门', '2', '3', '不会欢迎发现空间部门会员.', '不能密码比较由于.', '新疆维吾尔自治区凤英市和平谈街G座 511573', 'ping92@zheng.com', '34', '38', '成县', '5-10年', '2017-09-08 12:55:24', '2016-03-28 04:48:20', '2800', '0');
INSERT INTO `job` VALUES ('28659075', '76318986', '43', '安防系部门', '0', '3', '控制或者公司中文会员提供完全.', '包括不过有限任何影响东西.', '内蒙古自治区宁德市江北长沙街E座 253748', 'jingang@tan.cn', '42', '46', '南宁县', '3-5年', '2017-09-23 07:13:10', '2016-12-03 09:52:55', '549', '0');
INSERT INTO `job` VALUES ('28901556', '32991000', '68', '人事专部门', '2', '0', '之间部分美国价格参加环境质量.', '正在环境正在留言国家一些合作.', '福建省东莞县清河谷路d座 624879', 'xiuying37@ye.cn', '19', '23', '秀珍县', '应届毕业生', '2018-11-26 22:28:38', '2017-01-02 03:51:29', '1037', '0');
INSERT INTO `job` VALUES ('31554008', '68347895', '74', '安防系部门', '1', '3', '比较公司类别发生地方回复深圳.', '网站制作企业.', '陕西省兴安盟县吉区银川街k座 450686', 'xiongchao@gmail.com', '18', '22', '林县', '不限', '2016-04-08 19:09:15', '2018-07-18 01:05:25', '1182', '2');
INSERT INTO `job` VALUES ('32536096', '27241714', '40', '音乐/部门', '2', '3', '当前国际地方系列.', '关于问题提供基本.', '福建省佛山县江北张家港路v座 912075', 'wli@gmail.com', '29', '33', '东莞县', '不限', '2017-02-18 10:36:00', '2017-03-19 17:08:17', '7124', '2');
INSERT INTO `job` VALUES ('32933765', '66568049', '75', '工业/部门', '1', '3', '浏览电话一种帮助建设企业自己.', '个人设备完全一种产品.', '青海省洁县西峰令街p座 644646', 'gangmo@gmail.com', '34', '38', '秀英县', '应届毕业生', '2017-12-05 22:51:27', '2017-11-29 18:55:47', '8760', '2');
INSERT INTO `job` VALUES ('33169170', '48238557', '18', '媒介专部门', '2', '4', '公司网络系列上海.', '查看日期因为最大还有网络得到.', '河北省旭市房山宁德街H座 814582', 'elu@yahoo.com', '4', '8', '志强市', '应届毕业生', '2016-09-07 03:31:03', '2017-01-01 15:46:44', '1466', '0');
INSERT INTO `job` VALUES ('34035146', '45964664', '107', '针灸/部门', '0', '0', '今年组织国家大小经营政府继续.', '论坛女人用户教育音乐建设.', '湖北省武汉县吉区詹街Q座 310394', 'pguo@gmail.com', '15', '19', '昆明市', '3-5年', '2017-07-18 22:02:35', '2016-05-22 14:32:21', '381', '1');
INSERT INTO `job` VALUES ('34181348', '53001825', '30', '其他部门', '1', '2', '特别工程我们如此研究一些我们一定.', '工作一下基本能力文化.', '四川省东莞县孝南张家港路O座 629840', 'zhoutao@hotmail.com', '32', '36', '合肥市', '3-5年', '2018-06-12 07:57:21', '2017-11-06 09:37:39', '7420', '1');
INSERT INTO `job` VALUES ('34755587', '54312432', '142', '网店淘部门', '0', '2', '浏览免费帮助标准.', '但是现在新闻.', '湖南省石家庄市黄浦大冶街D座 378191', 'xchen@han.cn', '8', '12', '淑兰市', '1-3年', '2017-11-12 09:43:39', '2016-08-15 21:31:57', '4407', '0');
INSERT INTO `job` VALUES ('35764731', '49054569', '74', '审核员部门', '1', '0', '原因教育自己会员下载大学销售.', '有些以下怎么网上评论有限我的一下.', '湖北省太原县山亭左街a座 785355', 'rsun@gmail.com', '28', '32', '北镇县', '不限', '2016-05-12 10:52:00', '2018-04-09 06:04:14', '9211', '0');
INSERT INTO `job` VALUES ('39603722', '59215189', '102', '空调工部门', '2', '0', '一次一定得到一种数据.', '个人当然如此设计以及主题那个.', '黑龍江省昆明市大东华街W座 974010', 'jun19@han.net', '3', '7', '雷市', '10年以上', '2018-11-11 09:38:24', '2018-09-06 08:12:58', '1840', '0');
INSERT INTO `job` VALUES ('40186733', '59348429', '15', '汽车钣部门', '1', '0', '时候回复全国准备.', '名称学校销售你们能够中国.', '青海省玉珍市花溪佛山街T座 628198', 'xiulancao@zhu.org', '35', '39', '合肥县', '5-10年', '2018-05-22 20:48:42', '2018-02-06 11:07:02', '9668', '2');
INSERT INTO `job` VALUES ('40545110', '36464630', '67', '彩妆培部门', '0', '1', '增加次数工程广告学校免费那些.', '生活之后公司而且点击回复发展.', '河北省荆门市永川沈街O座 980352', 'yangmo@cai.com', '45', '49', '潮州市', '应届毕业生', '2018-12-02 19:13:01', '2017-11-08 01:22:30', '6852', '2');
INSERT INTO `job` VALUES ('41022870', '24852524', '18', '意大利部门', '2', '0', '他们不断浏览谢谢出来世界设计类别.', '相关网络如果中心.', '山西省坤市丰都南京街s座 379596', 'taogong@yahoo.com', '43', '47', '武汉县', '5-10年', '2016-10-03 06:58:27', '2017-09-29 20:59:52', '9154', '1');
INSERT INTO `job` VALUES ('41271933', '61788619', '86', '公关经部门', '2', '3', '开始网络一种一切.', '谢谢方法生产同时程序.', '山西省萍市东丽香港街c座 338310', 'mojun@yahoo.com', '40', '44', '佳市', '3-5年', '2018-11-11 03:17:50', '2018-01-11 02:23:19', '1923', '1');
INSERT INTO `job` VALUES ('42658443', '82880378', '48', '专柜彩部门', '2', '4', '方面人民用户.', '分析一个完全只有可是一个根据.', '湖北省建华县徐汇潮州路t座 718297', 'changxiulan@gmail.com', '37', '41', '伟县', '应届毕业生', '2017-05-08 15:38:29', '2017-08-11 10:28:37', '8597', '2');
INSERT INTO `job` VALUES ('43023660', '28986126', '124', '合同管部门', '2', '4', '发表注册现在联系点击能力.', '简介业务所以网上时间还是来源.', '黑龍江省沈阳市静安通辽街Z座 740486', 'xiulanxiao@shen.com', '30', '34', '艳县', '1-3年', '2016-05-15 04:36:38', '2016-03-22 12:30:35', '8074', '1');
INSERT INTO `job` VALUES ('46147417', '72497111', '144', '电信网部门', '1', '2', '商品比较次数作为.', '精华这是自己游戏准备国内以上.', '贵州省瑞县沈河兴安盟路I座 373963', 'jinglu@gmail.com', '8', '12', '合山市', '5-10年', '2016-07-03 08:04:20', '2018-04-12 12:54:38', '9565', '1');
INSERT INTO `job` VALUES ('46750501', '12163250', '118', '其他部门', '0', '2', '文件参加男人不要使用一些男人.', '这里点击工作活动学习工作.', '江西省兴安盟市友好卞街x座 841148', 'minhuang@ding.org', '31', '35', '飞市', '1年以下', '2016-11-19 12:25:45', '2017-04-13 02:25:29', '4548', '0');
INSERT INTO `job` VALUES ('48672238', '61107298', '47', '瑜伽老部门', '2', '0', '以上计划技术阅读.', '活动这样或者.', '湖南省西安县南长裴街W座 318284', 'yan85@gmail.com', '36', '40', '林县', '1年以下', '2018-04-07 06:47:34', '2017-11-17 03:19:26', '2658', '1');
INSERT INTO `job` VALUES ('49341041', '13215842', '145', '计算机部门', '0', '0', '不是自己朋友工作显示类型可能.', '新闻其中威望以下因为.', '湖南省玉珍县秀英石家庄路E座 368891', 'mowei@gmail.com', '17', '21', '兰州县', '10年以上', '2016-09-20 09:13:34', '2016-08-11 16:33:12', '9853', '1');
INSERT INTO `job` VALUES ('49748291', '96433454', '15', '网络维部门', '2', '1', '关系具有那么行业深圳.', '城市一起免费地址查看这样.', '海南省潮州县牧野惠州路p座 791869', 'rxue@fu.cn', '15', '19', '凤英县', '应届毕业生', '2017-05-14 16:26:46', '2017-09-20 02:48:19', '3024', '0');
INSERT INTO `job` VALUES ('49942873', '46036940', '44', '网店美部门', '0', '3', '可是你的如果包括以下.', '等级情况服务已经.', '甘肃省雪市沈河晋路E座 775879', 'yanxiulan@gmail.com', '8', '12', '东县', '10年以上', '2018-09-07 16:23:53', '2017-09-15 19:39:28', '2513', '0');
INSERT INTO `job` VALUES ('50246540', '39276698', '125', '网络/部门', '1', '2', '因此中国这个您的.', '品牌简介任何由于商品解决.', '安徽省玉英市大兴惠州路e座 333316', 'liangxiuying@lei.com', '17', '21', '芳县', '不限', '2018-04-17 02:33:22', '2017-02-18 05:19:45', '5110', '1');
INSERT INTO `job` VALUES ('51116675', '8252715', '68', '系统管部门', '0', '0', '语言进入发现那么还有.', '人员那些任何直接操作业务.', '江苏省华县西夏方街j座 659593', 'wfang@yahoo.com', '32', '36', '春梅县', '应届毕业生', '2017-06-10 00:33:40', '2018-02-20 04:02:32', '3377', '1');
INSERT INTO `job` VALUES ('52471056', '6809713', '19', '镗工部门', '1', '0', '表示本站各种之后.', '操作是否来源销售也是应该.', '江苏省海门县金平武汉街y座 438077', 'guiying65@yahoo.com', '43', '47', '桂芝市', '应届毕业生', '2016-02-01 03:29:07', '2018-04-20 22:45:18', '6115', '0');
INSERT INTO `job` VALUES ('53217493', '5480999', '72', '美容培部门', '0', '0', '应该价格各种记者.', '什么设备单位所有.', '福建省燕县大东辛路o座 538557', 'guiyingfu@ding.cn', '29', '33', '武汉县', '不限', '2016-08-09 13:37:31', '2016-10-28 07:45:12', '1441', '2');
INSERT INTO `job` VALUES ('54622739', '38861857', '96', '媒介经部门', '0', '0', '不是下载显示东西记者的是电话.', '是否继续基本很多类别.', '江西省兴安盟县沈北新万街K座 113676', 'lei02@yin.com', '2', '6', '巢湖县', '3-5年', '2016-05-24 21:56:29', '2017-08-03 04:19:13', '1209', '0');
INSERT INTO `job` VALUES ('54951983', '70612486', '24', '出纳员部门', '0', '0', '时候完成设计不是欢迎社区继续.', '通过欢迎自己原因客户.', '云南省嘉禾市滨城崔街i座 446080', 'chaofan@yahoo.com', '20', '24', '贵阳县', '不限', '2016-01-10 16:44:14', '2017-02-04 03:04:59', '8872', '0');
INSERT INTO `job` VALUES ('58206782', '39757487', '61', '招聘专部门', '0', '4', '经验喜欢根据知道.', '企业最后联系拥有环境那么类型用户.', '新疆维吾尔自治区柳州市蓟州呼和浩特街E座 948360', 'xiuyingkong@gmail.com', '45', '49', '淮安县', '3-5年', '2016-12-08 15:19:58', '2018-01-23 21:52:38', '233', '1');
INSERT INTO `job` VALUES ('59047612', '69430886', '125', '招聘经部门', '0', '3', '一起来自研究准备.', '本站一次其实只要大家更多.', '辽宁省建国县南溪关岭路h座 272156', 'jshen@hotmail.com', '35', '39', '淮安市', '10年以上', '2018-03-13 04:48:54', '2016-05-06 19:02:37', '1468', '2');
INSERT INTO `job` VALUES ('59194361', '5346196', '5', '家政保部门', '1', '0', '比较历史社会男人.', '相关那些语言以及简介工程工具.', '云南省重庆市丰都巢湖街d座 636749', 'yancai@zhu.org', '25', '29', '桂芝县', '1-3年', '2018-04-01 12:54:58', '2016-02-19 02:50:16', '872', '1');
INSERT INTO `job` VALUES ('59400233', '82956158', '146', '储备干部门', '0', '0', '为什这是设计精华或者功能.', '时候经济首页密码这是.', '云南省红县吉区范街X座 675069', 'qianjun@zhao.org', '4', '8', '瑜县', '5-10年', '2018-07-21 03:59:56', '2017-05-02 08:32:46', '4918', '1');
INSERT INTO `job` VALUES ('63225235', '99909734', '26', '塑料工部门', '2', '0', '一些只有社区游戏自己日期地址.', '这种功能最后特别论坛.', '西藏自治区慧市翔安卞路H座 884339', 'fanghe@yahoo.com', '34', '38', '合肥县', '1-3年', '2016-05-20 23:28:33', '2017-04-17 20:13:46', '3247', '2');
INSERT INTO `job` VALUES ('63636321', '21424618', '84', '金融/部门', '0', '1', '关于主题一点责任什么个人为什资料.', '质量为什时间只要方面.', '辽宁省惠州县西夏官街F座 419245', 'ping73@hotmail.com', '3', '7', '建平县', '10年以上', '2018-06-14 19:56:49', '2017-02-24 16:51:03', '8181', '0');
INSERT INTO `job` VALUES ('64974057', '87916492', '89', '新能源部门', '0', '1', '看到使用积分以下技术他的方式.', '学生解决然后报告.', '黑龍江省巢湖县清城潜江路d座 505404', 'xiashao@liao.cn', '39', '43', '桂芝市', '5-10年', '2018-05-28 14:54:30', '2017-07-02 03:56:28', '138', '0');
INSERT INTO `job` VALUES ('66283263', '74313129', '44', '销售经部门', '1', '1', '提供组织选择系统希望.', '那个根据提高发展.', '贵州省阳市海陵宜都街X座 908156', 'zfeng@long.net', '43', '47', '桂花县', '应届毕业生', '2016-10-25 01:19:07', '2017-03-23 22:12:15', '2586', '2');
INSERT INTO `job` VALUES ('67027644', '95366180', '7', '其他部门', '1', '4', '等级控制拥有能够.', '网络设备如此上海功能提高喜欢.', '贵州省健县华龙辛集路B座 706358', 'juanhu@pan.com', '41', '45', '娟市', '不限', '2018-11-30 02:54:19', '2018-08-30 14:35:06', '8311', '0');
INSERT INTO `job` VALUES ('68486051', '20749149', '74', '其他部门', '0', '2', '问题注意那个只有以及任何大学.', '成为社会更新两个深圳知道.', '吉林省郑州县沙湾郑州路S座 780203', 'huxia@yahoo.com', '13', '17', '柳县', '3-5年', '2018-12-02 11:42:24', '2016-03-18 10:28:48', '8659', '1');
INSERT INTO `job` VALUES ('69782022', '9034693', '112', '客服及部门', '0', '1', '有些手机我的操作网上首页.', '日本语言以后空间各种评论点击.', '陕西省嘉禾市大东梧州街K座 280766', 'jing35@liao.cn', '37', '41', '淑英县', '不限', '2017-05-22 12:37:24', '2018-06-03 13:18:50', '1102', '0');
INSERT INTO `job` VALUES ('70187748', '36752454', '93', '房地产部门', '1', '3', '一直开发等级一切.', '通过品牌人员方式上海能够.', '海南省龙市秀英福州路d座 783241', 'vwei@yuan.cn', '28', '32', '澳门县', '不限', '2018-08-31 06:06:14', '2018-03-09 05:21:43', '5374', '1');
INSERT INTO `job` VALUES ('70510591', '86256018', '37', '公关/部门', '0', '4', '系统或者两个回复个人功能登录.', '网络以下以下谢谢可能历史重要出现.', '安徽省辽阳县萧山干路l座 819924', 'rguo@gmail.com', '26', '30', '兴城县', '1年以下', '2017-02-03 19:42:24', '2018-06-18 20:39:21', '6367', '0');
INSERT INTO `job` VALUES ('70533422', '63875706', '134', '融资专部门', '1', '2', '作品学习应该联系最后作为.', '语言大学继续系列注意系列因此.', '湖北省岩县门头沟海口街J座 121611', 'junxu@gmail.com', '34', '38', '玉梅县', '10年以上', '2018-12-03 19:45:09', '2017-07-24 01:58:36', '5538', '2');
INSERT INTO `job` VALUES ('70665963', '36246649', '66', '裁床部门', '0', '1', '看到发现作为不是一定虽然.', '不要提高包括一次一样为了.', '陕西省合山市黄浦海街l座 188076', 'mmao@yahoo.com', '9', '13', '梧州市', '5-10年', '2018-11-01 00:21:08', '2017-05-11 10:25:52', '7076', '0');
INSERT INTO `job` VALUES ('71918976', '88813912', '17', '市政工部门', '0', '3', '不断北京注册参加.', '继续经济所有深圳自己.', '新疆维吾尔自治区萍市蓟州越街e座 990823', 'ming96@hotmail.com', '31', '35', '合山县', '1年以下', '2018-02-09 10:39:25', '2016-09-18 16:57:49', '2632', '2');
INSERT INTO `job` VALUES ('72508459', '93423793', '108', '电子工部门', '2', '2', '图片今天作品都是手机实现事情.', '游戏准备一个专业首页.', '安徽省拉萨市花溪辛集路r座 208884', 'jiemo@gao.cn', '27', '31', '呼和浩特县', '不限', '2018-09-12 04:14:11', '2018-01-14 18:36:45', '983', '1');
INSERT INTO `job` VALUES ('72887110', '60011831', '12', '宾客服部门', '0', '1', '上海完成详细增加在线女人.', '准备必须孩子下载.', '福建省峰县清浦银川街b座 465386', 'ming31@xiong.com', '23', '27', '芳县', '5-10年', '2016-02-10 09:25:53', '2017-10-05 21:35:55', '3917', '2');
INSERT INTO `job` VALUES ('73501817', '86840460', '26', '信审核部门', '1', '0', '回复经验都是功能同时品牌.', '这是为什然后中心品牌工作.', '广西壮族自治区明县西夏成都路e座 951808', 'xiatao@yan.com', '39', '43', '深圳县', '不限', '2018-09-26 18:47:43', '2016-05-05 18:29:27', '692', '0');
INSERT INTO `job` VALUES ('75979904', '59752530', '74', '焊接工部门', '0', '2', '组织问题合作进入次数介绍.', '中文认为其实这些电子企业注册.', '湖南省华县蓟州合山街v座 196835', 'chaoli@yahoo.com', '45', '49', '桂英市', '应届毕业生', '2018-09-03 07:58:55', '2016-07-17 16:53:27', '158', '1');
INSERT INTO `job` VALUES ('76337567', '81802159', '32', '房地产部门', '2', '3', '我的威望因为.', '阅读类型一样用户法律技术地区.', '广东省淑珍市徐汇梧州街E座 994970', 'renping@gmail.com', '27', '31', '桂花县', '5-10年', '2016-11-30 06:52:31', '2017-04-03 07:38:10', '9220', '0');
INSERT INTO `job` VALUES ('79111270', '36336715', '40', '情报信部门', '1', '0', '注册商品留言网络以上.', '密码法律所以帮助无法各种.', '云南省宁德市清浦叶路U座 595626', 'eliu@cui.com', '19', '23', '萍县', '10年以上', '2016-08-12 13:59:52', '2017-08-10 08:44:51', '2965', '0');
INSERT INTO `job` VALUES ('79186988', '17828253', '34', '系统工部门', '2', '4', '其他类型成功一切能力处理.', '生活应该这些网站的是.', '湖南省帅市丰都西安街n座 768936', 'xiongjun@gmail.com', '22', '26', '汕尾县', '应届毕业生', '2016-09-29 12:13:22', '2017-11-22 12:18:04', '2507', '1');
INSERT INTO `job` VALUES ('79436847', '35506997', '85', '贸易/部门', '2', '2', '不断可以很多孩子阅读论坛点击.', '完全的人他们设计希望功能使用工具.', '江西省太原县清城殴街m座 103702', 'minhou@zou.cn', '9', '13', '佛山县', '1年以下', '2017-06-16 04:48:44', '2016-08-31 03:41:32', '5446', '0');
INSERT INTO `job` VALUES ('80129363', '21621147', '31', 'IT-部门', '2', '1', '没有继续为什.', '电子我们历史世界一次正在可能.', '山西省云市东丽呼和浩特街E座 558923', 'duyang@gmail.com', '45', '49', '兰英市', '应届毕业生', '2016-02-12 18:30:32', '2018-04-14 05:17:30', '408', '2');
INSERT INTO `job` VALUES ('80406792', '87024012', '45', '光伏系部门', '2', '1', '自己要求提高来源.', '记者密码免费空间人员中国阅读.', '贵州省乌鲁木齐市门头沟贵阳路a座 801099', 'fuyan@bai.com', '35', '39', '澳门县', '不限', '2017-07-12 07:48:22', '2016-11-21 12:38:09', '2303', '0');
INSERT INTO `job` VALUES ('81988938', '17458221', '2', '硬件测部门', '1', '0', '主题你们生产方式.', '因此部分但是结果国家计划继续专业.', '山东省邯郸县高港向街D座 998640', 'wei10@yahoo.com', '29', '33', '芳市', '10年以上', '2016-06-02 21:19:27', '2017-12-06 22:23:49', '3544', '2');
INSERT INTO `job` VALUES ('82740665', '73815921', '147', '呼叫中部门', '2', '1', '完全深圳更多可能.', '本站论坛开发.', '山西省宁市南湖西安路V座 187576', 'bzhong@hotmail.com', '2', '6', '上海市', '应届毕业生', '2017-07-14 06:25:37', '2018-10-10 06:04:41', '8604', '0');
INSERT INTO `job` VALUES ('82993764', '47662278', '57', '大客户部门', '2', '1', '喜欢威望怎么.', '工具的人经济这个安全或者一种.', '宁夏回族自治区西安县高明红街x座 412115', 'xuming@ye.cn', '22', '26', '强市', '3-5年', '2016-05-28 10:52:33', '2017-12-28 09:49:45', '6154', '1');
INSERT INTO `job` VALUES ('83812859', '95723488', '51', '汽车质部门', '2', '3', '问题人民公司通过资源.', '方式不能项目论坛表示推荐加入.', '吉林省兵市普陀重庆路P座 169081', 'cfan@gmail.com', '38', '42', '秀英县', '10年以上', '2016-08-21 18:04:20', '2018-02-24 18:33:36', '3532', '2');
INSERT INTO `job` VALUES ('84746627', '29464050', '93', '美容店部门', '2', '4', '个人还有主题您的资料推荐.', '一定一些不要继续出来.', '湖南省杰市沙市潮州街C座 777512', 'chaowang@shi.com', '1', '5', '巢湖市', '不限', '2016-07-21 09:18:55', '2017-12-24 14:02:07', '4428', '2');
INSERT INTO `job` VALUES ('85899261', '54844650', '105', '电脑操部门', '1', '3', '简介说明积分次数这样我的.', '空间文化是否标准完成出来注册.', '云南省昆明市南长太原街t座 587878', 'xiuying08@hotmail.com', '48', '52', '深圳县', '应届毕业生', '2017-10-06 00:31:41', '2018-01-22 19:13:09', '6360', '2');
INSERT INTO `job` VALUES ('86978538', '77291707', '27', '电路工部门', '1', '2', '已经情况回复发表商品以后处理包括.', '已经部分那个一直.', '甘肃省丽丽市双滦倪街f座 289425', 'shao@chang.cn', '25', '29', '健市', '1-3年', '2018-12-26 09:28:09', '2018-11-18 21:21:56', '6006', '0');
INSERT INTO `job` VALUES ('88262086', '70820577', '21', '质量管部门', '0', '2', '怎么评论这么服务阅读系统时间.', '不能同时产品数据记者拥有电话来自.', '陕西省福州县海港宜都街o座 692624', 'leixiang@zeng.com', '40', '44', '通辽市', '3-5年', '2018-08-28 11:22:20', '2017-02-27 02:59:55', '2782', '0');
INSERT INTO `job` VALUES ('88452500', '28041399', '47', '印刷包部门', '0', '3', '不要知道那么你的.', '电子只是那个使用.', '黑龍江省飞市新城端街d座 280434', 'yang51@gmail.com', '18', '22', '刚县', '应届毕业生', '2017-05-07 06:46:37', '2018-03-12 20:54:21', '5731', '0');
INSERT INTO `job` VALUES ('89074206', '42280323', '139', '加油站部门', '2', '0', '对于报告直接还有项目.', '过程最大美国如此那么男人.', '山东省重庆县高坪杭州路d座 854711', 'lisun@yahoo.com', '9', '13', '龙县', '3-5年', '2017-02-07 17:12:01', '2017-07-17 16:30:04', '9161', '0');
INSERT INTO `job` VALUES ('89396216', '8095008', '128', '其他部门', '2', '3', '阅读作品只要市场免费感觉一下.', '一点全部系列发展而且一切根据.', '宁夏回族自治区东县淄川六安街L座 475893', 'yansu@hotmail.com', '2', '6', '郑州县', '5-10年', '2016-04-25 08:38:04', '2018-08-17 00:44:43', '9475', '1');
INSERT INTO `job` VALUES ('90473609', '99909736', '128', '物业管部门', '2', '3', '状态来自北京原因如此最后包括.', '的人信息功能之间.', '山东省上海县牧野深圳路J座 591560', 'myuan@gmail.com', '18', '22', '沈阳市', '1年以下', '2017-06-16 08:52:15', '2017-09-03 00:26:46', '2849', '2');
INSERT INTO `job` VALUES ('90851278', '99909736', '96', '培训部门', '2', '0', '国际产品不同运行.', '当然参加游戏的话浏览正在信息关系.', '安徽省辛集县新城哈尔滨路U座 935880', 'yinli@hao.org', '14', '18', '石家庄市', '10年以上', '2018-09-21 12:41:52', '2017-04-27 15:47:20', '1823', '2');
INSERT INTO `job` VALUES ('91553072', '99909736', '79', '光源与部门', '0', '0', '分析说明电子得到文件那么原因.', '他们安全影响.', '福建省天津市丰都齐齐哈尔路a座 963216', 'sujun@yahoo.com', '46', '50', '梅市', '不限', '2017-05-18 04:44:54', '2017-07-30 08:07:34', '6502', '2');
INSERT INTO `job` VALUES ('95435350', '99909736', '38', '汽车质部门', '0', '4', '社会内容可能生活然后公司.', '系列根据控制然后能力.', '贵州省马鞍山县城东阙路j座 687135', 'cfang@ma.cn', '5', '9', '香港市', '1-3年', '2016-02-11 13:47:29', '2018-06-02 15:23:20', '3442', '2');
INSERT INTO `job` VALUES ('96027653', '99909736', '139', '药品注部门', '0', '1', '以后状态新闻有限可能.', '最后全国由于发现他的中文为了.', '贵州省香港县合川台北街E座 713767', 'eluo@gmail.com', '46', '50', '海燕县', '3-5年', '2017-03-07 15:09:01', '2018-03-18 10:51:29', '6911', '1');
INSERT INTO `job` VALUES ('98363148', '99909736', '146', '裁床部门', '1', '2', '这样基本事情那么.', '这样网站那些应用计划环境.', '四川省健县和平南京街Q座 677906', 'xiuying10@gmail.com', '11', '15', '香港县', '1年以下', '2018-04-06 05:37:00', '2018-05-20 07:16:58', '7145', '1');
INSERT INTO `job` VALUES ('99108953', '99909736', '36', '飞机维部门', '0', '0', '一个时候品牌本站推荐历史成功已经.', '准备通过教育有限.', '湖北省刚市六枝特乐路e座 443325', 'jingtan@gmail.com', '36', '40', '兰州县', '不限', '2018-07-27 21:59:50', '2017-06-14 00:34:38', '9371', '2');
INSERT INTO `job` VALUES ('99235437', '99909736', '112', '汽车装部门', '0', '2', '学习事情男人电子.', '产品单位或者浏览日本销售环境图片.', '云南省南宁市新城东路W座 637886', 'jingcui@zhong.cn', '7', '11', '济南市', '不限', '2018-09-15 09:21:45', '2017-06-15 10:09:06', '8069', '1');
INSERT INTO `job` VALUES ('99961015', '99909736', '65', '广告客部门', '1', '2', '你的游戏特别服务应用进行能够.', '内容来自音乐生活朋友.', '福建省秀芳县长寿笪路e座 120470', 'junyao@yahoo.com', '48', '52', '建国市', '10年以上', '2018-09-15 09:21:42', '2016-03-27 15:00:53', '7536', '2');
INSERT INTO `job` VALUES ('99961016', '99909736', '4', '', '1', '1', '福利棒1', '内容来自音乐生活朋友.1', '秀芳县长寿笪路e座 1204702', 'junyao@yahoo.com', '0', '0', '武汉', '10年以上', '2018-09-18 02:42:58', '2018-09-18 03:04:24', '0', '1');
INSERT INTO `job` VALUES ('99961017', '99909736', '2', '技术部', '0', '2', '福利好2', '1.22\n2.33', '湖北理工学院1', '1140093781@qq.com', '11', '22', '黄石', '应届毕业生', '2018-09-18 02:39:55', '2018-09-17 10:36:48', '0', '2');
INSERT INTO `job` VALUES ('99961018', '99909736', '16', '11', '0', '0', '福利棒3', '内容来自音乐生活朋友.2', '秀芳县长寿笪路e座 1204703', 'junyao@yahoo.com', '0', '0', '南京', '1年以下', '2018-09-18 02:45:56', '2018-09-17 10:56:12', '0', '1');
INSERT INTO `job` VALUES ('99961019', '99909736', '3', '市场', '0', '3', '福利棒4', '1.\n2.', '湖北理工学院2', '1140093781@qq.com', '2', '4', '北京', '1年以下', '2018-09-18 02:42:29', '2018-09-17 23:49:21', '0', '1');
INSERT INTO `job` VALUES ('99961020', '99909736', '31', '11', '0', '0', '我', '12', '武汉理工', '456@qq.com', '4', '5', '黄石', '3-5年', '2018-09-18 03:15:13', '2018-09-18 03:15:13', '0', '1');
INSERT INTO `job` VALUES ('99961021', '99909736', '2', '11', '0', '1', '11', '222', '湖北理工1', '456@qq.com', '3', '4', '上海', '1年以下', '2018-09-23 04:37:30', '2018-09-23 04:37:30', '0', '1');
INSERT INTO `job` VALUES ('99961022', '99909736', '1', '关系', '2', '3', '发展ok', '认真 负责', '湖北理工', '456@qq.com', '11', '22', '武汉', '应届毕业生', '2018-09-24 05:02:05', '2018-09-24 05:02:05', '0', '1');
INSERT INTO `job` VALUES ('99961023', '99909736', '1', '1', '2', '3', '20字', '1. 2.', '深圳1', '456@qq.com', '22', '33', '深圳', '3-5年', '2018-09-24 05:03:41', '2018-09-24 05:03:41', '0', '1');
INSERT INTO `job` VALUES ('99961024', '99909736', '16', '安卓', '1', '3', '我是真的喜欢', '12', '深圳啊', '456@qq.com', '11', '22', '武汉', '1-3年', '2018-09-24 05:05:22', '2018-09-24 05:05:22', '0', '1');

-- ----------------------------
-- Table structure for jobc1
-- ----------------------------
DROP TABLE IF EXISTS `jobc1`;
CREATE TABLE `jobc1` (
  `c1Id` int(11) NOT NULL auto_increment,
  `c1Name` varchar(20) default NULL,
  `state` int(11) default NULL,
  PRIMARY KEY  (`c1Id`)
) ENGINE=InnoDB DEFAULT CHARSET=utf8;

-- ----------------------------
-- Records of jobc1
-- ----------------------------
INSERT INTO `jobc1` VALUES ('1', '技术1', '0');
INSERT INTO `jobc1` VALUES ('2', '产品', '0');
INSERT INTO `jobc1` VALUES ('3', '设计', '0');
INSERT INTO `jobc1` VALUES ('4', '运营', '0');
INSERT INTO `jobc1` VALUES ('5', '市场与销售', '0');
INSERT INTO `jobc1` VALUES ('6', '职能', '0');

-- ----------------------------
-- Table structure for jobc2
-- ----------------------------
DROP TABLE IF EXISTS `jobc2`;
CREATE TABLE `jobc2` (
  `c2Id` int(11) NOT NULL auto_increment,
  `c1Id` int(11) default NULL,
  `c2Name` varchar(20) default NULL,
  `state` int(11) default NULL,
  PRIMARY KEY  (`c2Id`),
  KEY `FK_hava21` (`c1Id`),
  CONSTRAINT `FK_hava21` FOREIGN KEY (`c1Id`) REFERENCES `jobc1` (`c1Id`) ON DELETE CASCADE ON UPDATE CASCADE
) ENGINE=InnoDB DEFAULT CHARSET=utf8;

-- ----------------------------
-- Records of jobc2
-- ----------------------------
INSERT INTO `jobc2` VALUES ('1', '1', '后端开发 ', '0');
INSERT INTO `jobc2` VALUES ('2', '1', '移动开发 2', '0');
INSERT INTO `jobc2` VALUES ('3', '1', '前端开发', '0');
INSERT INTO `jobc2` VALUES ('4', '1', '测试', '0');
INSERT INTO `jobc2` VALUES ('5', '1', '运维', '0');
INSERT INTO `jobc2` VALUES ('6', '1', 'DBA', '0');
INSERT INTO `jobc2` VALUES ('7', '1', '项目管理', '0');
INSERT INTO `jobc2` VALUES ('8', '1', '高端职位', '0');
INSERT INTO `jobc2` VALUES ('9', '2', '产品经理', '0');
INSERT INTO `jobc2` VALUES ('10', '2', '产品设计师', '0');
INSERT INTO `jobc2` VALUES ('11', '2', '高端职位', '0');
INSERT INTO `jobc2` VALUES ('12', '3', '视觉设计', '0');
INSERT INTO `jobc2` VALUES ('13', '3', '交互设计', '0');
INSERT INTO `jobc2` VALUES ('14', '3', '用户研究', '0');
INSERT INTO `jobc2` VALUES ('15', '3', '高端职位', '0');
INSERT INTO `jobc2` VALUES ('16', '4', '运营', '0');
INSERT INTO `jobc2` VALUES ('17', '4', '编辑', '0');
INSERT INTO `jobc2` VALUES ('18', '4', '客服', '0');
INSERT INTO `jobc2` VALUES ('19', '4', '高端职位', '0');
INSERT INTO `jobc2` VALUES ('20', '5', '市场/营销', '0');
INSERT INTO `jobc2` VALUES ('21', '5', '公关', '0');
INSERT INTO `jobc2` VALUES ('22', '5', '销售', '0');
INSERT INTO `jobc2` VALUES ('23', '5', '高端职位', '0');
INSERT INTO `jobc2` VALUES ('24', '6', '人力资源', '0');
INSERT INTO `jobc2` VALUES ('25', '6', '行政', '0');
INSERT INTO `jobc2` VALUES ('26', '6', '财务', '0');
INSERT INTO `jobc2` VALUES ('27', '6', '高端职位', '0');

-- ----------------------------
-- Table structure for jobc3
-- ----------------------------
DROP TABLE IF EXISTS `jobc3`;
CREATE TABLE `jobc3` (
  `c3Id` int(11) NOT NULL auto_increment,
  `c2Id` int(11) default NULL,
  `c3Name` varchar(20) default NULL,
  `state` int(11) default NULL,
  PRIMARY KEY  (`c3Id`),
  KEY `FK_have32` (`c2Id`),
  CONSTRAINT `FK_have32` FOREIGN KEY (`c2Id`) REFERENCES `jobc2` (`c2Id`) ON DELETE CASCADE ON UPDATE CASCADE
) ENGINE=InnoDB DEFAULT CHARSET=utf8;

-- ----------------------------
-- Records of jobc3
-- ----------------------------
INSERT INTO `jobc3` VALUES ('1', '1', 'Java3', '0');
INSERT INTO `jobc3` VALUES ('2', '1', 'C++', '0');
INSERT INTO `jobc3` VALUES ('3', '1', 'PHP', '0');
INSERT INTO `jobc3` VALUES ('4', '1', '数据挖掘', '0');
INSERT INTO `jobc3` VALUES ('5', '1', 'C', '0');
INSERT INTO `jobc3` VALUES ('6', '1', 'C#', '0');
INSERT INTO `jobc3` VALUES ('7', '1', '.NET', '0');
INSERT INTO `jobc3` VALUES ('8', '1', 'Hadoop', '0');
INSERT INTO `jobc3` VALUES ('9', '1', 'Python', '0');
INSERT INTO `jobc3` VALUES ('10', '1', 'Delphi', '0');
INSERT INTO `jobc3` VALUES ('11', '1', 'VB', '0');
INSERT INTO `jobc3` VALUES ('12', '1', 'Perl', '0');
INSERT INTO `jobc3` VALUES ('13', '1', 'Ruby', '0');
INSERT INTO `jobc3` VALUES ('14', '1', 'Node.js', '0');
INSERT INTO `jobc3` VALUES ('15', '2', 'HTML5', '0');
INSERT INTO `jobc3` VALUES ('16', '2', 'Android', '0');
INSERT INTO `jobc3` VALUES ('17', '2', 'IOS', '0');
INSERT INTO `jobc3` VALUES ('18', '2', 'WP', '0');
INSERT INTO `jobc3` VALUES ('19', '3', 'web前端', '0');
INSERT INTO `jobc3` VALUES ('20', '3', 'Flash', '0');
INSERT INTO `jobc3` VALUES ('21', '3', 'html5', '0');
INSERT INTO `jobc3` VALUES ('22', '3', 'JavaScript', '0');
INSERT INTO `jobc3` VALUES ('23', '3', 'U3D', '0');
INSERT INTO `jobc3` VALUES ('24', '3', 'COCOS2D-X', '0');
INSERT INTO `jobc3` VALUES ('25', '4', '测试工程师', '0');
INSERT INTO `jobc3` VALUES ('26', '4', '自动化测试', '0');
INSERT INTO `jobc3` VALUES ('27', '4', '功能测试', '0');
INSERT INTO `jobc3` VALUES ('28', '4', '性能测试', '0');
INSERT INTO `jobc3` VALUES ('29', '4', '测试开发', '0');
INSERT INTO `jobc3` VALUES ('30', '5', '运维工程师', '0');
INSERT INTO `jobc3` VALUES ('31', '5', '运维开发工程师', '0');
INSERT INTO `jobc3` VALUES ('32', '5', '网络工程师', '0');
INSERT INTO `jobc3` VALUES ('33', '5', '系统工程师', '0');
INSERT INTO `jobc3` VALUES ('34', '5', 'It支持', '0');
INSERT INTO `jobc3` VALUES ('35', '6', 'Mysql', '0');
INSERT INTO `jobc3` VALUES ('36', '6', 'Sqlserver', '0');
INSERT INTO `jobc3` VALUES ('37', '6', 'Oracle', '0');
INSERT INTO `jobc3` VALUES ('38', '6', 'DB2', '0');
INSERT INTO `jobc3` VALUES ('39', '6', 'MongoDB', '0');
INSERT INTO `jobc3` VALUES ('40', '7', '项目经理', '0');
INSERT INTO `jobc3` VALUES ('41', '8', '技术经理', '0');
INSERT INTO `jobc3` VALUES ('42', '8', '技术总监', '0');
INSERT INTO `jobc3` VALUES ('43', '8', '测试总监', '0');
INSERT INTO `jobc3` VALUES ('44', '8', '测试经理', '0');
INSERT INTO `jobc3` VALUES ('45', '8', '架构师', '0');
INSERT INTO `jobc3` VALUES ('46', '8', 'CTO', '0');
INSERT INTO `jobc3` VALUES ('47', '8', '运维总监', '0');
INSERT INTO `jobc3` VALUES ('48', '9', '产品经理', '0');
INSERT INTO `jobc3` VALUES ('49', '9', '网页产品经理', '0');
INSERT INTO `jobc3` VALUES ('50', '9', '移动产品经理', '0');
INSERT INTO `jobc3` VALUES ('51', '9', '产品助理', '0');
INSERT INTO `jobc3` VALUES ('52', '9', '数据产品经理', '0');
INSERT INTO `jobc3` VALUES ('53', '9', '电商产品经理', '0');
INSERT INTO `jobc3` VALUES ('54', '9', '游戏策划', '0');
INSERT INTO `jobc3` VALUES ('55', '10', '网页产品设计师', '0');
INSERT INTO `jobc3` VALUES ('56', '10', '无线产品设计师', '0');
INSERT INTO `jobc3` VALUES ('57', '11', '产品部经理', '0');
INSERT INTO `jobc3` VALUES ('58', '11', '产品总监', '0');
INSERT INTO `jobc3` VALUES ('59', '12', '视觉设计师', '0');
INSERT INTO `jobc3` VALUES ('60', '12', '网页设计师', '0');
INSERT INTO `jobc3` VALUES ('61', '12', 'Flash设计师', '0');
INSERT INTO `jobc3` VALUES ('62', '12', 'APP设计师', '0');
INSERT INTO `jobc3` VALUES ('63', '12', 'UI设计师', '0');
INSERT INTO `jobc3` VALUES ('64', '12', '平面设计师', '0');
INSERT INTO `jobc3` VALUES ('65', '12', '美术设计师（2D/3D）', '0');
INSERT INTO `jobc3` VALUES ('66', '12', '广告设计师', '0');
INSERT INTO `jobc3` VALUES ('67', '12', '多媒体设计师', '0');
INSERT INTO `jobc3` VALUES ('68', '12', '原画师', '0');
INSERT INTO `jobc3` VALUES ('69', '12', '游戏特效', '0');
INSERT INTO `jobc3` VALUES ('70', '12', '游戏界面设计师', '0');
INSERT INTO `jobc3` VALUES ('71', '12', '游戏场景', '0');
INSERT INTO `jobc3` VALUES ('72', '12', '游戏角色', '0');
INSERT INTO `jobc3` VALUES ('73', '12', '游戏动作', '0');
INSERT INTO `jobc3` VALUES ('74', '13', '交互设计师', '0');
INSERT INTO `jobc3` VALUES ('75', '13', '无线交互设计师', '0');
INSERT INTO `jobc3` VALUES ('76', '13', '网页交互设计师', '0');
INSERT INTO `jobc3` VALUES ('77', '13', '硬件交互设计师', '0');
INSERT INTO `jobc3` VALUES ('78', '14', '数据分析师', '0');
INSERT INTO `jobc3` VALUES ('79', '14', '用户研究员', '0');
INSERT INTO `jobc3` VALUES ('80', '14', '游戏数值策划', '0');
INSERT INTO `jobc3` VALUES ('81', '15', '设计经理/主管', '0');
INSERT INTO `jobc3` VALUES ('82', '15', '设计总监', '0');
INSERT INTO `jobc3` VALUES ('83', '15', '视觉设计经理/主管', '0');
INSERT INTO `jobc3` VALUES ('84', '15', '视觉设计总监', '0');
INSERT INTO `jobc3` VALUES ('85', '15', '交互设计经理/主管', '0');
INSERT INTO `jobc3` VALUES ('86', '15', '交互设计总监', '0');
INSERT INTO `jobc3` VALUES ('87', '15', '用户研究经理/主管', '0');
INSERT INTO `jobc3` VALUES ('88', '15', '用户研究总监', '0');
INSERT INTO `jobc3` VALUES ('89', '16', '用户运营', '0');
INSERT INTO `jobc3` VALUES ('90', '16', '产品运营', '0');
INSERT INTO `jobc3` VALUES ('91', '16', '数据运营', '0');
INSERT INTO `jobc3` VALUES ('92', '16', '内容运营', '0');
INSERT INTO `jobc3` VALUES ('93', '16', '活动运营', '0');
INSERT INTO `jobc3` VALUES ('94', '16', '商家运营', '0');
INSERT INTO `jobc3` VALUES ('95', '16', '品类运营', '0');
INSERT INTO `jobc3` VALUES ('96', '16', '游戏运营', '0');
INSERT INTO `jobc3` VALUES ('97', '16', '网络推广', '0');
INSERT INTO `jobc3` VALUES ('98', '17', '副主编', '0');
INSERT INTO `jobc3` VALUES ('99', '17', '内容编辑', '0');
INSERT INTO `jobc3` VALUES ('100', '18', '售前咨询', '0');
INSERT INTO `jobc3` VALUES ('101', '18', '售后客服', '0');
INSERT INTO `jobc3` VALUES ('102', '19', '主编', '0');
INSERT INTO `jobc3` VALUES ('103', '19', '运营总监', '0');
INSERT INTO `jobc3` VALUES ('104', '19', 'COO', '0');
INSERT INTO `jobc3` VALUES ('105', '20', '市场营销', '0');
INSERT INTO `jobc3` VALUES ('106', '20', '市场策划', '0');
INSERT INTO `jobc3` VALUES ('107', '20', '市场顾问', '0');
INSERT INTO `jobc3` VALUES ('108', '20', '市场推广', '0');
INSERT INTO `jobc3` VALUES ('109', '20', 'SEO', '0');
INSERT INTO `jobc3` VALUES ('110', '20', 'SEM', '0');
INSERT INTO `jobc3` VALUES ('111', '20', '商务渠道', '0');
INSERT INTO `jobc3` VALUES ('112', '20', '商业数据分析', '0');
INSERT INTO `jobc3` VALUES ('113', '20', '活动策划', '0');
INSERT INTO `jobc3` VALUES ('114', '21', '媒介经理', '0');
INSERT INTO `jobc3` VALUES ('115', '21', '广告协调', '0');
INSERT INTO `jobc3` VALUES ('116', '21', '品牌公关', '0');
INSERT INTO `jobc3` VALUES ('117', '22', '销售专员', '0');
INSERT INTO `jobc3` VALUES ('118', '22', '销售经理', '0');
INSERT INTO `jobc3` VALUES ('119', '22', '客户代表', '0');
INSERT INTO `jobc3` VALUES ('120', '22', '大客户代表', '0');
INSERT INTO `jobc3` VALUES ('121', '22', 'BD经理', '0');
INSERT INTO `jobc3` VALUES ('122', '22', '商务渠道', '0');
INSERT INTO `jobc3` VALUES ('123', '22', '渠道销售', '0');
INSERT INTO `jobc3` VALUES ('124', '22', '代理商销售', '0');
INSERT INTO `jobc3` VALUES ('125', '23', '市场总监', '0');
INSERT INTO `jobc3` VALUES ('126', '23', '销售总监', '0');
INSERT INTO `jobc3` VALUES ('127', '23', '商务总监', '0');
INSERT INTO `jobc3` VALUES ('128', '23', 'CMO', '0');
INSERT INTO `jobc3` VALUES ('129', '23', '公关总监', '0');
INSERT INTO `jobc3` VALUES ('130', '24', '人力资源', '0');
INSERT INTO `jobc3` VALUES ('131', '24', '招聘', '0');
INSERT INTO `jobc3` VALUES ('132', '24', 'HRBP', '0');
INSERT INTO `jobc3` VALUES ('133', '24', '人事/HR', '0');
INSERT INTO `jobc3` VALUES ('134', '24', '培训经理', '0');
INSERT INTO `jobc3` VALUES ('135', '24', '薪酬福利经理', '0');
INSERT INTO `jobc3` VALUES ('136', '24', '绩效考核经理', '0');
INSERT INTO `jobc3` VALUES ('137', '25', '助理', '0');
INSERT INTO `jobc3` VALUES ('138', '25', '前台', '0');
INSERT INTO `jobc3` VALUES ('139', '25', '法务', '0');
INSERT INTO `jobc3` VALUES ('140', '25', '行政', '0');
INSERT INTO `jobc3` VALUES ('141', '26', '会计', '0');
INSERT INTO `jobc3` VALUES ('142', '26', '出纳', '0');
INSERT INTO `jobc3` VALUES ('143', '26', '财务', '0');
INSERT INTO `jobc3` VALUES ('144', '27', '行政总监/经理', '0');
INSERT INTO `jobc3` VALUES ('145', '27', '财务总监/经理', '0');
INSERT INTO `jobc3` VALUES ('146', '27', 'HRD/HRM', '0');
INSERT INTO `jobc3` VALUES ('147', '27', 'CFO', '0');

-- ----------------------------
-- Table structure for person
-- ----------------------------
DROP TABLE IF EXISTS `person`;
CREATE TABLE `person` (
  `personId` int(11) NOT NULL auto_increment,
  `userName` varchar(20) default NULL,
  `sex` varchar(1) default NULL,
  `age` int(11) default NULL,
  `education` int(11) default NULL,
  `afterEducation` int(11) default NULL,
  `tel` varchar(11) default NULL,
  `email` varchar(50) NOT NULL,
  `pwd` varchar(128) NOT NULL,
  `headImage` varchar(64) default NULL,
  `status` int(11) default NULL,
  `registeredTime` timestamp NULL default CURRENT_TIMESTAMP,
  `state` int(11) unsigned default NULL,
  PRIMARY KEY  (`personId`),
  UNIQUE KEY `email` (`email`)
) ENGINE=InnoDB DEFAULT CHARSET=utf8;

-- ----------------------------
-- Records of person
-- ----------------------------
INSERT INTO `person` VALUES ('1614985', '霍金凤', '男', '11', '4', '3', '13874606048', 'leiduan@chang.com', 'ECAF3FA8439EAD6D8C4FE594C6262644', 'PMVY2916739919105.txt', '2', '2017-01-21 14:25:38', '0');
INSERT INTO `person` VALUES ('2046600', '养红霞', '女', '40', '3', '8', '14529444199', 'jundai@hotmail.com', 'PMMU1294197177625', 'HAAG1076679797005.avi', '1', '2016-07-18 05:51:23', '0');
INSERT INTO `person` VALUES ('2852379', '终丹丹', '女', '54', '3', '5', '18900267667', 'juandong@jia.com', 'RPUJ7546302692430', 'HUKM5688189475912.html', '2', '2017-06-16 06:47:49', '0');
INSERT INTO `person` VALUES ('3080924', '微雪梅', '女', '55', '2', '0', '13457605346', 'minsong@yang.com', 'HUFV5377996716710', 'VDRI3205843842170.mov', '2', '2016-11-11 07:14:54', '1');
INSERT INTO `person` VALUES ('3318942', '令畅', '男', '29', '1', '9', '15199531712', 'caogang@hotmail.com', 'NMDY0111843021846', 'HAEQ9771582415623.mp3', '1', '2017-02-27 17:28:38', '1');
INSERT INTO `person` VALUES ('3541982', '连丽娟', '女', '34', '2', '8', '18802103516', 'chao93@cao.net', 'KZVZ7616131571659', 'ZSZC4296295741153.pdf', '2', '2016-04-18 09:27:46', '0');
INSERT INTO `person` VALUES ('3839225', '伏秀梅', '女', '14', '2', '5', '18079310804', 'qhan@cui.com', 'CIVU2732792055972', 'ITEN7478608746557.ods', '2', '2016-11-23 11:26:32', '1');
INSERT INTO `person` VALUES ('4344216', '麻萍', '男', '15', '0', '8', '13823386786', 'longyong@zou.org', 'RNVR5297008083312', 'ZEYZ3824331386128.html', '2', '2018-02-23 07:21:33', '0');
INSERT INTO `person` VALUES ('4626541', '仲楠', '女', '24', '2', '7', '13853769849', 'vxie@guo.com', 'NCVB4570483469540', 'SRFA5163252199755.jpeg', '1', '2016-04-18 18:35:36', '0');
INSERT INTO `person` VALUES ('5089314', '施坤', '女', '38', '4', '5', '13950481033', 'juan60@hotmail.com', 'KWDQ8328557934434', 'TQFI4670299961087.odt', '1', '2016-04-16 13:13:16', '0');
INSERT INTO `person` VALUES ('6113599', '项成', '男', '48', '0', '6', '15526050899', 'dongyong@yu.org', 'QVOW2487829057281', 'SANA9783617673997.avi', '0', '2016-11-10 23:43:09', '1');
INSERT INTO `person` VALUES ('12195640', '倪丽娟', '男', '35', '4', '7', '18669995902', 'wxiang@hotmail.com', 'XKPS3464969452128', 'TRZM5921716540271.bmp', '2', '2018-09-10 03:22:45', '1');
INSERT INTO `person` VALUES ('12875351', '颛华', '男', '48', '4', '5', '15695756527', 'panping@hotmail.com', 'BKXX7170058523523', 'CIFX0761401359533.mov', '0', '2018-03-09 21:01:38', '0');
INSERT INTO `person` VALUES ('12910892', '从春梅', '女', '50', '1', '6', '13437936314', 'cuijie@yin.com', 'TEWR1233861455050', 'SZZM6496033046356.wav', '1', '2018-06-14 13:43:39', '1');
INSERT INTO `person` VALUES ('13469719', '佟秀珍', '男', '14', '4', '0', '15115996075', 'fuqiang@yu.net', 'UAHY4577085642809', 'PPUH4586081257527.flac', '2', '2018-03-06 15:43:01', '0');
INSERT INTO `person` VALUES ('14998492', '屠敏', '女', '50', '0', '6', '14517038274', 'guiying87@bai.org', 'GMNI8209157108794', 'PURA9509256955660.wav', '3', '2016-02-25 12:19:02', '0');
INSERT INTO `person` VALUES ('15634658', '充飞', '女', '38', '0', '9', '18041343432', 'ccui@yahoo.com', 'XEQN0751781808568', 'ZGZF4995957687434.gif', '3', '2016-12-26 04:21:59', '1');
INSERT INTO `person` VALUES ('15668165', '於玉珍', '女', '34', '1', '3', '14586775934', 'xia64@hotmail.com', 'BVBK7378068982773', 'JJBQ8890061964259.odp', '0', '2016-03-11 15:19:08', '1');
INSERT INTO `person` VALUES ('16295001', '年霞', '男', '42', '0', '7', '15597701407', 'hanyong@shi.cn', 'TTDB4949705262146', 'NAUI5485148230149.jpg', '2', '2017-12-27 22:44:06', '0');
INSERT INTO `person` VALUES ('16685550', '晏畅', '男', '26', '2', '6', '13412627469', 'fshen@liao.org', 'ZNCE3165525350811', 'HJOH6905184456561.gif', '1', '2017-07-29 12:26:12', '0');
INSERT INTO `person` VALUES ('17238090', '冉桂荣', '男', '33', '3', '9', '15560470423', 'kmo@qian.com', 'WAUE5540418914585', 'MBMJ2772965218004.tiff', '3', '2016-11-29 05:14:35', '1');
INSERT INTO `person` VALUES ('19136578', '祁晨', '男', '19', '3', '5', '18039821520', 'dongxiuying@lin.com', 'YUMS8643391656312', 'HTUZ0760380949879.wav', '0', '2018-06-04 11:01:00', '1');
INSERT INTO `person` VALUES ('19279091', '巫秀珍', '女', '18', '3', '1', '15804497020', 'na49@he.com', 'POOL0684943489757', 'AXNV1007481826453.doc', '0', '2016-09-21 09:48:05', '0');
INSERT INTO `person` VALUES ('19759500', '邴明', '男', '12', '1', '0', '15052012588', 'fangwan@li.net', 'BZBX3395975346582', 'CFAQ8646075366071.jpeg', '1', '2017-05-28 11:36:18', '0');
INSERT INTO `person` VALUES ('20321918', '充波', '女', '40', '1', '0', '15998869072', 'yong12@gu.cn', 'FTAH4388662590778', 'RACG2974587383927.webm', '2', '2018-01-07 01:28:25', '0');
INSERT INTO `person` VALUES ('20942274', '诸红霞', '女', '53', '0', '6', '18674754652', 'yang85@gmail.com', 'VIDP8351549480269', 'DAKN8455779390541.wav', '2', '2017-02-26 21:19:39', '1');
INSERT INTO `person` VALUES ('21802607', '鲍帅', '男', '51', '3', '8', '15516271321', 'zmo@gmail.com', 'BUFW9342573949063', 'PYFF5078695000887.mp4', '2', '2017-05-03 05:03:08', '1');
INSERT INTO `person` VALUES ('22274427', '娄亮', '男', '58', '0', '6', '13611007755', 'yshao@yahoo.com', 'GOVT6335726811328', 'XNRS9930949302174.flac', '3', '2017-07-17 19:58:15', '0');
INSERT INTO `person` VALUES ('23843882', '岑敏', '女', '38', '1', '1', '15958316113', 'jiefeng@yahoo.com', 'NMMZ7037169347175', 'QZXD1461999035231.tiff', '1', '2018-04-12 07:13:22', '0');
INSERT INTO `person` VALUES ('28920311', '寇金凤', '女', '13', '4', '9', '15567506133', 'ydeng@gmail.com', 'AAHY2457627255845', 'HWAE7060891607800.ppt', '0', '2017-10-29 09:21:29', '0');
INSERT INTO `person` VALUES ('29762743', '祁秀荣', '女', '42', '4', '6', '13106977150', 'maoli@song.cn', 'VMYG7405740605105', 'RVHX7692256534431.txt', '1', '2016-04-18 02:47:23', '1');
INSERT INTO `person` VALUES ('32310528', '家秀芳', '女', '19', '0', '4', '15914512858', 'gangtang@gmail.com', 'NCQE2729058354347', 'VFZP4419708314101.gif', '3', '2017-10-17 06:50:05', '0');
INSERT INTO `person` VALUES ('33038469', '勾欣', '男', '25', '3', '2', '13250139434', 'lei48@ren.com', 'VEVP3879495179657', 'XLBM1660791028954.html', '3', '2017-11-02 01:14:01', '1');
INSERT INTO `person` VALUES ('33070599', '山静', '女', '20', '1', '1', '18876223016', 'pingyuan@xue.cn', 'WWFW8411488650177', 'CEOX6659238367152.csv', '0', '2018-08-23 03:20:05', '1');
INSERT INTO `person` VALUES ('33362663', '骆娟', '男', '38', '0', '6', '15388578308', 'yangli@jiang.net', 'PNMV3772569430166', 'IIEX6473767164440.csv', '0', '2018-09-02 01:54:00', '1');
INSERT INTO `person` VALUES ('33366289', '邢丽华', '女', '15', '2', '6', '15928935851', 'yong46@gmail.com', 'JWLR2749678374210', 'RAWL6239753984467.html', '2', '2017-01-16 13:35:43', '1');
INSERT INTO `person` VALUES ('33548869', '水丽', '女', '46', '3', '5', '14785283819', 'ping31@gmail.com', 'DKHA3571796941081', 'TDRO3169872377376.wav', '0', '2017-11-10 11:39:36', '0');
INSERT INTO `person` VALUES ('33789484', '祝梅', '女', '16', '3', '6', '14511579290', 'psu@bai.cn', 'WQTC6423630091820', 'RFIX1580402879491.txt', '0', '2016-11-15 04:07:45', '1');
INSERT INTO `person` VALUES ('33797885', '扈柳', '女', '27', '4', '5', '13523748972', 'xiaqiang@wan.com', 'BWQW4786674523339', 'OBVH6228731378435.jpg', '0', '2017-11-13 01:46:55', '1');
INSERT INTO `person` VALUES ('34115015', '空瑞', '女', '56', '4', '0', '13708865556', 'uqian@liang.com', 'MDXN4768314418943', 'URFJ1640700430212.css', '2', '2016-11-26 21:26:13', '0');
INSERT INTO `person` VALUES ('35213963', '黎鑫', '男', '33', '1', '1', '13874860988', 'yanyu@hotmail.com', 'JOOS3370731538895', 'AZML1284243226592.json', '1', '2018-09-22 09:46:22', '1');
INSERT INTO `person` VALUES ('36139613', '彭凯', '女', '53', '0', '6', '18275865211', 'xiulanhan@hotmail.com', 'ZZOK0234777967244', 'FECJ3752377871510.tiff', '0', '2016-09-25 06:19:04', '0');
INSERT INTO `person` VALUES ('37344764', '琴兵', '女', '42', '4', '8', '13345286998', 'ping39@hotmail.com', 'HQQD6073171211508', 'GKQJ7105150957961.mp4', '3', '2018-07-21 10:47:06', '1');
INSERT INTO `person` VALUES ('38958502', '盖斌', '男', '43', '0', '9', '13468535336', 'guiyingsong@hotmail.com', 'JZCF3411927187728', 'NATR7113402344254.tiff', '1', '2016-06-11 20:29:17', '1');
INSERT INTO `person` VALUES ('41509487', '吉成', '男', '57', '1', '6', '13654152366', 'caofang@long.cn', 'LEUO0906573143865', 'FCTC7426098823977.webm', '0', '2016-02-15 14:46:25', '1');
INSERT INTO `person` VALUES ('43331239', '方淑华', '男', '51', '1', '6', '18763478004', 'xiulanfu@hotmail.com', 'WTUJ7007293945456', 'UBOV9870488097372.pptx', '0', '2018-03-26 02:25:18', '0');
INSERT INTO `person` VALUES ('43495689', '政华', '男', '46', '3', '6', '15888672656', 'qiangang@gong.com', 'HRCD2686985511217', 'VXQG8852882131126.json', '0', '2017-07-14 22:43:37', '1');
INSERT INTO `person` VALUES ('44566302', '梁军', '女', '20', '4', '4', '15094266551', 'mingtang@li.cn', 'WOCK6570480285184', 'WNZN1278375701802.mp3', '3', '2017-12-10 08:01:40', '1');
INSERT INTO `person` VALUES ('45395291', '李玉英', '男', '20', '0', '7', '18567667494', 'yangye@hotmail.com', 'FYWB9741228779681', 'EIQH9506273608925.tiff', '0', '2018-08-24 08:56:01', '1');
INSERT INTO `person` VALUES ('46275271', '臧成', '女', '48', '0', '2', '13169632203', 'guiying47@gmail.com', 'BIEZ6886094356848', 'EXYH9738877844337.jpeg', '0', '2018-09-18 13:33:28', '1');
INSERT INTO `person` VALUES ('46784643', '申红霞', '男', '44', '2', '2', '15295935821', 'icui@ye.cn', 'MGJG0667761754276', 'UWAZ7208605058210.gif', '1', '2017-02-15 22:45:09', '0');
INSERT INTO `person` VALUES ('46893857', '解金凤', '女', '50', '1', '1', '15117466027', 'xia03@xu.com', 'ZPNA3976629869140', 'JEWO9777600035402.flac', '3', '2016-10-29 06:24:30', '1');
INSERT INTO `person` VALUES ('47386044', '侯莹', '女', '42', '0', '0', '18024892496', 'kongxiulan@lai.net', 'AOYX5724048526828', 'FWGW9751128947431.wav', '3', '2016-03-19 08:44:36', '0');
INSERT INTO `person` VALUES ('47638297', '于玉', '女', '40', '3', '5', '15393396164', 'mcao@hotmail.com', 'SEEH2588097128671', 'KXLO9176681966049.png', '1', '2018-09-06 14:49:02', '1');
INSERT INTO `person` VALUES ('48844413', '人慧', '女', '47', '2', '6', '18561210453', 'wei83@yahoo.com', 'WAMP9929836048322', 'ONBL3679317199646.html', '0', '2018-08-09 02:51:36', '1');
INSERT INTO `person` VALUES ('49099058', '后健', '男', '12', '2', '8', '13770761820', 'li21@ma.cn', 'JTDH5037301032271', 'FEUB1634043244123.mov', '2', '2016-07-14 14:17:34', '0');
INSERT INTO `person` VALUES ('49352665', '尉玉华', '女', '29', '2', '8', '18733963526', 'qyuan@yahoo.com', 'WBYF5902617146586', 'UDLY6677513880066.png', '2', '2017-10-06 15:13:40', '1');
INSERT INTO `person` VALUES ('49496451', '东雪', '男', '31', '2', '8', '13425923059', 'jiewang@yahoo.com', 'ZEHT3823692284142', 'XOXA8528825670128.csv', '0', '2016-01-11 11:21:03', '0');
INSERT INTO `person` VALUES ('50044795', '井坤', '女', '10', '3', '8', '13901886706', 'yiyang@hotmail.com', 'ECAI4853672416505', 'ERYO3808501685427.odp', '3', '2016-10-19 16:35:45', '0');
INSERT INTO `person` VALUES ('51916121', '巩丽华', '男', '35', '4', '4', '15848896130', 'na20@gmail.com', 'YHML4509819401677', 'GBGU1671036789918.txt', '1', '2018-09-25 01:27:37', '1');
INSERT INTO `person` VALUES ('52651816', '冯慧', '女', '51', '1', '7', '18049361711', 'xiuying50@mao.cn', 'OVFA5573397609493', 'OCUV1911073619849.mp4', '0', '2016-06-09 10:32:37', '1');
INSERT INTO `person` VALUES ('55920346', '裴洁', '男', '56', '1', '7', '15822267336', 'nyao@liao.com', 'XSDH4989940163363', 'YKSQ8725426034291.avi', '3', '2018-02-04 14:52:13', '1');
INSERT INTO `person` VALUES ('56540710', '左宁', '男', '39', '4', '4', '15744134652', 'leina@hao.com', 'EWSY0310964638131', 'JQCV1431856619280.pages', '3', '2016-05-17 21:10:11', '0');
INSERT INTO `person` VALUES ('56961508', '汪淑英', '女', '28', '2', '7', '15683814150', 'eren@shi.com', 'RWMH1111716332620', 'RNWT6486975431907.json', '2', '2017-01-02 16:50:12', '0');
INSERT INTO `person` VALUES ('58221648', '狐杨', '女', '16', '4', '9', '18706013609', 'liangping@yahoo.com', 'BNPS0094564988007', 'MRRW7557701130203.html', '3', '2018-06-28 10:31:28', '0');
INSERT INTO `person` VALUES ('59279334', '卢波', '男', '15', '1', '5', '13637671874', 'gangxiong@yahoo.com', 'WLBH3753456590045', 'MQYS5032491256433.tiff', '3', '2017-01-11 04:34:57', '1');
INSERT INTO `person` VALUES ('61874879', '孔桂花', '男', '55', '2', '5', '15625957450', 'li11@tao.com', 'GJHZ8029578915356', 'LQAR9533750333085.flac', '1', '2016-04-25 14:08:14', '0');
INSERT INTO `person` VALUES ('62680936', '况玲', '男', '26', '0', '0', '15793225276', 'uqiao@cao.com', 'EIGC6187882687125', 'CVTX0491273182957.docx', '1', '2017-12-31 10:49:34', '1');
INSERT INTO `person` VALUES ('62929929', '车金凤', '女', '47', '4', '5', '14524602422', 'ping94@yahoo.com', 'ILSC7499815928736', 'WHPY8224624584868.mp3', '1', '2017-07-30 21:54:25', '0');
INSERT INTO `person` VALUES ('64504865', '荀雪', '女', '58', '0', '7', '13418086059', 'minyuan@yahoo.com', 'VPHB1452461960485', 'UMRP0327545625507.mov', '2', '2018-07-07 22:50:27', '1');
INSERT INTO `person` VALUES ('66982579', '阳云', '男', '19', '0', '7', '18888399451', 'nye@yahoo.com', 'UARD3984414305944', 'DZGB3906475007787.mp3', '3', '2016-08-09 07:13:22', '1');
INSERT INTO `person` VALUES ('67956128', '端磊', '女', '48', '4', '8', '13375714163', 'yuanxiulan@cao.cn', 'LFRW7888598388297', 'NUGO3523877340015.mov', '3', '2018-05-21 14:15:06', '1');
INSERT INTO `person` VALUES ('69412738', '柯帆', '女', '43', '4', '4', '14541037924', 'liyin@zeng.org', 'UCDM0762338649283', 'IDXP1779456373955.gif', '0', '2016-03-22 02:02:50', '0');
INSERT INTO `person` VALUES ('73247449', '虞荣', '男', '37', '4', '2', '13713338754', 'baifang@guo.com', 'TAOF5770583258077', 'LIXC1417014165052.bmp', '0', '2016-10-19 06:38:04', '1');
INSERT INTO `person` VALUES ('73858485', '唐辉', '女', '44', '4', '9', '18861581817', 'tao96@yang.cn', 'FHCJ7887359276083', 'JGOU3661915731423.wav', '0', '2016-02-07 07:22:22', '1');
INSERT INTO `person` VALUES ('74925322', '汲坤', '男', '10', '0', '2', '18251400584', 'ncao@pan.cn', 'NIYB1956267597850', 'NOCV4193061243662.mov', '3', '2018-09-14 15:30:13', '0');
INSERT INTO `person` VALUES ('76362897', '封利', '女', '18', '0', '7', '14583348684', 'pzou@xia.com', 'AXMM2823413758463', 'JBDQ4581478103094.webm', '1', '2018-07-19 15:14:21', '0');
INSERT INTO `person` VALUES ('78127302', '钟秀兰', '男', '10', '2', '9', '15172769419', 'guiyingxue@xiang.cn', 'WQHX7326793943702', 'IXIG9740895716694.tiff', '1', '2018-03-16 10:00:29', '0');
INSERT INTO `person` VALUES ('78282841', '乜冬梅', '女', '35', '2', '4', '15914224904', 'sduan@xiao.com', 'GGMA7628346060333', 'GLCU1403855635792.json', '1', '2018-08-16 16:37:49', '0');
INSERT INTO `person` VALUES ('80177241', '谷欢', '男', '49', '0', '7', '13397280654', 'chao22@zhou.cn', 'QIAJ5183597560151', 'IBSJ8163769862819.webm', '2', '2016-05-15 16:46:59', '0');
INSERT INTO `person` VALUES ('81294428', '孔建国', '男', '23', '1', '4', '13760109024', 'zhongmin@chang.com', 'QQKT1242937490653', 'PZHN2061188217859.wav', '0', '2018-02-28 09:06:28', '1');
INSERT INTO `person` VALUES ('83409684', '晋秀云', '女', '17', '0', '5', '18226804014', 'chao90@kong.com', 'CDWN1171210651307', 'VASG4156828489825.docx', '2', '2018-07-29 18:08:06', '0');
INSERT INTO `person` VALUES ('88151489', '潘建', '男', '38', '2', '5', '13077517489', 'yongwu@hotmail.com', 'WDCU8296913984237', 'UKEO4935622274781.mp3', '1', '2018-08-23 21:44:10', '0');
INSERT INTO `person` VALUES ('88182537', '阎华', '男', '56', '2', '6', '14504278516', 'dengtao@hotmail.com', 'GKON2012272662754', 'BBNH6365115588588.jpeg', '0', '2018-07-18 12:19:39', '1');
INSERT INTO `person` VALUES ('88933153', '简小红', '男', '31', '0', '9', '15553550562', 'ming48@yahoo.com', 'RSQG8239036129046', 'QLJI2137666715226.xlsx', '2', '2018-09-21 15:45:15', '1');
INSERT INTO `person` VALUES ('89054673', '正萍', '男', '54', '3', '8', '13949957715', 'rliao@su.com', 'VACE5057083302789', 'WRDK3813236365578.wav', '0', '2017-12-30 17:54:38', '0');
INSERT INTO `person` VALUES ('89181607', '公彬', '男', '31', '4', '7', '14788110966', 'yancui@gmail.com', 'BTNX4240796811931', 'XMWB3452315731973.xlsx', '2', '2017-06-24 06:16:08', '1');
INSERT INTO `person` VALUES ('89404430', '乜洁', '女', '51', '4', '9', '18679570664', 'phuang@fang.org', 'OKYA4353321349117', 'RLCD7429720129241.mp3', '1', '2017-05-01 16:13:18', '0');
INSERT INTO `person` VALUES ('89925461', '齐柳', '女', '29', '1', '3', '13517720555', 'bgu@hotmail.com', 'VNCZ0802337332850', 'OXCW9029496027726.bmp', '1', '2016-01-16 01:06:38', '0');
INSERT INTO `person` VALUES ('90557590', '慎玉华', '女', '17', '3', '2', '18598081649', 'taolai@yi.com', 'WHSK0256961448458', 'STPO1422065525591.txt', '1', '2018-07-05 00:36:38', '0');
INSERT INTO `person` VALUES ('91278104', '暴秀华', '男', '21', '0', '3', '18263245862', 'qiangfeng@dong.cn', 'JVMJ6790895875718', 'XMYM0224834035041.csv', '2', '2018-02-02 06:36:52', '0');
INSERT INTO `person` VALUES ('92934726', '支云', '男', '30', '1', '6', '13075319375', 'tianlei@gmail.com', 'KLOG7996742779806', 'YHSF6283894889287.csv', '2', '2018-09-18 13:01:59', '0');
INSERT INTO `person` VALUES ('93704038', '阳丹丹', '女', '16', '3', '1', '15091967357', 'lixu@liu.com', 'ZLSA5634195792947', 'XNUA5052367474971.numbers', '0', '2018-09-25 21:27:43', '0');
INSERT INTO `person` VALUES ('94433470', '驷雪', '女', '43', '4', '0', '18965865713', 'xia93@yahoo.com', 'KKDR2851706734779', 'YIYE4199833931432.js', '1', '2017-01-11 04:36:55', '0');
INSERT INTO `person` VALUES ('94948059', '元志强', '女', '17', '4', '6', '14504108171', 'jmo@shi.cn', 'UAAT2668891175762', 'OMYF4797631896739.tiff', '2', '2016-03-23 07:26:48', '0');
INSERT INTO `person` VALUES ('96743904', '方琳', '男', '56', '2', '1', '18743072467', 'renchao@gmail.com', 'FMCR2488468061666', 'EBIX3014538024809.mp3', '0', '2017-12-14 21:40:04', '0');
INSERT INTO `person` VALUES ('97719045', '西莹', '男', '15', '1', '3', '15721212531', 'liding@yan.cn', 'UZVE2524352929282', '0a40ecf7df34429783ff48b999283f13.jpg', '2', '2016-08-14 13:06:29', '0');
INSERT INTO `person` VALUES ('97719046', null, null, null, null, null, null, '1140093781@qq.com', '123456', null, null, '2018-08-01 18:41:17', null);
INSERT INTO `person` VALUES ('97719047', null, null, null, null, null, null, 'qwe', '231', null, null, '2018-08-01 18:42:08', null);
INSERT INTO `person` VALUES ('97719048', null, null, null, null, null, null, '1140093782@qq.com', '123456', null, null, '2018-08-01 18:44:37', null);
INSERT INTO `person` VALUES ('97719049', null, null, null, null, null, null, '1140093783@qq.com', '123456', null, null, '2018-08-01 18:48:55', null);
INSERT INTO `person` VALUES ('97719050', null, null, null, null, null, null, '1140093788@qq.com', 'AD801AC7E0D4505BBBFE11CC99086E49', null, null, '2018-09-19 19:06:50', null);
INSERT INTO `person` VALUES ('97719052', null, null, null, null, null, null, '21312312312@4545', '377597FBFBF957A21506C0D9ECAEF7BF', null, null, '2018-09-20 19:10:08', null);
INSERT INTO `person` VALUES ('97719053', null, null, null, null, null, null, '1140098@qq.com', '5361E60F11E409B4CAA3D20062087953', null, null, '2018-09-21 19:17:38', null);
INSERT INTO `person` VALUES ('97719054', null, null, null, null, null, null, '12313', '611B5208838C37023CDA4E7142CF1EAE', null, null, '2018-09-22 19:25:44', null);
INSERT INTO `person` VALUES ('97719057', '李健', '男', '17', '2', '6', '13995977162', '123@qq.com', '9716091EDC4A1C430D2CA9AD5BC1C9F0', 'acc08615a85243bc89d87da664be6069.jpg', '1', '2018-09-23 02:21:09', null);
INSERT INTO `person` VALUES ('97719060', null, null, null, null, null, null, '5116@qq.com', 'ACCD66A9C1890C9482828012787027AE', null, null, null, null);

-- ----------------------------
-- Table structure for person_job
-- ----------------------------
DROP TABLE IF EXISTS `person_job`;
CREATE TABLE `person_job` (
  `jobId` int(11) NOT NULL,
  `personId` int(11) NOT NULL,
  `deliveryTime` timestamp NULL default CURRENT_TIMESTAMP,
  `status` int(11) default NULL COMMENT '0  刚投递未处理  1 通过  2  拒绝',
  `state` int(11) default NULL,
  PRIMARY KEY  (`jobId`,`personId`),
  KEY `FK_qiuzhi1` (`personId`),
  CONSTRAINT `FK_qiuzhi1` FOREIGN KEY (`personId`) REFERENCES `person` (`personId`) ON DELETE CASCADE ON UPDATE CASCADE,
  CONSTRAINT `FK_qiuzhi2` FOREIGN KEY (`jobId`) REFERENCES `job` (`jobId`) ON DELETE CASCADE ON UPDATE CASCADE
) ENGINE=InnoDB DEFAULT CHARSET=utf8;

-- ----------------------------
-- Records of person_job
-- ----------------------------
INSERT INTO `person_job` VALUES ('758765', '97719057', '2018-09-16 05:35:25', '0', null);
INSERT INTO `person_job` VALUES ('2432311', '97719057', '2018-09-23 11:30:10', '0', null);
INSERT INTO `person_job` VALUES ('6216771', '97719057', '2018-09-25 14:47:56', '0', null);
INSERT INTO `person_job` VALUES ('80129363', '97719057', '2018-09-23 11:30:28', '0', null);
INSERT INTO `person_job` VALUES ('99961016', '97719057', '2018-09-24 02:09:40', '2', null);
INSERT INTO `person_job` VALUES ('99961019', '97719057', '2018-09-23 11:30:45', '1', null);
INSERT INTO `person_job` VALUES ('99961020', '97719045', '2018-09-24 02:10:18', '1', null);
INSERT INTO `person_job` VALUES ('99961020', '97719057', '2018-09-23 11:30:30', '1', null);
INSERT INTO `person_job` VALUES ('99961021', '97719045', '2018-09-24 02:10:24', '2', null);
INSERT INTO `person_job` VALUES ('99961021', '97719057', '2018-09-23 11:30:47', '1', null);

-- ----------------------------
-- Table structure for projectexperience
-- ----------------------------
DROP TABLE IF EXISTS `projectexperience`;
CREATE TABLE `projectexperience` (
  `projectExperienceId` int(11) NOT NULL auto_increment,
  `personId` int(11) default NULL,
  `projectName` varchar(50) default NULL,
  `post` varchar(20) default NULL,
  `beginYear` int(11) default NULL,
  `endYear` int(11) default NULL,
  PRIMARY KEY  (`projectExperienceId`),
  KEY `FK_person_project` (`personId`),
  CONSTRAINT `FK_person_project` FOREIGN KEY (`personId`) REFERENCES `person` (`personId`) ON DELETE CASCADE ON UPDATE CASCADE
) ENGINE=InnoDB DEFAULT CHARSET=utf8;

-- ----------------------------
-- Records of projectexperience
-- ----------------------------
INSERT INTO `projectexperience` VALUES ('413367', '59279334', '彩虹项目', '调色员', '1995', '1998');
INSERT INTO `projectexperience` VALUES ('3856734', '32310528', '诺依曼软件项目', '产品专员', '1986', '1989');
INSERT INTO `projectexperience` VALUES ('7456336', '94433470', '恩悌项目', '管家部经理/主管', '2008', '2011');
INSERT INTO `projectexperience` VALUES ('7476921', '3541982', '晖来计算机项目', '记者', '1982', '1985');
INSERT INTO `projectexperience` VALUES ('7948428', '3839225', '浦华众城项目', '其他', '2005', '2008');
INSERT INTO `projectexperience` VALUES ('9068001', '3080924', '创亿项目', '公司业务客户经理', '2006', '2009');
INSERT INTO `projectexperience` VALUES ('9217409', '47638297', '国讯项目', '公关/媒介', '1971', '1974');
INSERT INTO `projectexperience` VALUES ('9542839', '21802607', '晖来计算机项目', '维修工程师', '2016', '2019');
INSERT INTO `projectexperience` VALUES ('10074060', '73858485', '银嘉项目', '客运司机', '1999', '2002');
INSERT INTO `projectexperience` VALUES ('13971199', '49352665', '华泰通安项目', '工程/设备经理', '1984', '1987');
INSERT INTO `projectexperience` VALUES ('14108556', '36139613', '国讯项目', '清洁工', '2007', '2010');
INSERT INTO `projectexperience` VALUES ('14673740', '94948059', '方正科技项目', '外科医生', '2010', '2013');
INSERT INTO `projectexperience` VALUES ('15190284', '58221648', '诺依曼软件项目', '项目总监', '1995', '1998');
INSERT INTO `projectexperience` VALUES ('15675491', '88933153', '太极项目', '采购', '1981', '1984');
INSERT INTO `projectexperience` VALUES ('15739292', '12875351', '创汇项目', '心理医生', '2016', '2019');
INSERT INTO `projectexperience` VALUES ('15800497', '43495689', '立信电子项目', '行程管理/计调', '2015', '2018');
INSERT INTO `projectexperience` VALUES ('18255577', '66982579', '凌云项目', '列车/地铁车长', '2005', '2008');
INSERT INTO `projectexperience` VALUES ('18405002', '81294428', '通际名联项目', '针织工', '2008', '2011');
INSERT INTO `projectexperience` VALUES ('19788463', '88182537', '天益项目', '投资/基金项目经理', '1992', '1995');
INSERT INTO `projectexperience` VALUES ('21272134', '5089314', '数字100项目', '铸造/锻造工程师/技师', '1983', '1986');
INSERT INTO `projectexperience` VALUES ('22296894', '64504865', '四通项目', '总编/副总编', '1977', '1980');
INSERT INTO `projectexperience` VALUES ('22852915', '69412738', '超艺项目', '面点师', '1988', '1991');
INSERT INTO `projectexperience` VALUES ('24459495', '47386044', '飞海科技项目', '促销员/导购', '1994', '1997');
INSERT INTO `projectexperience` VALUES ('24668736', '80177241', '明腾项目', '农/林/牧/渔', '1975', '1978');
INSERT INTO `projectexperience` VALUES ('24864657', '4626541', '联软项目', '寻呼员/话务员', '2000', '2003');
INSERT INTO `projectexperience` VALUES ('26154169', '97719045', '新宇龙信息项目', '发动机/总装工程师', '1976', '1979');
INSERT INTO `projectexperience` VALUES ('26289601', '2852379', '创汇项目', '环境影响评价工程师', '1983', '1986');
INSERT INTO `projectexperience` VALUES ('26699295', '38958502', '南康项目', '质量管理/验货员(QA/QC)', '2017', '2020');
INSERT INTO `projectexperience` VALUES ('26706085', '93704038', '毕博诚项目', '教师', '1999', '2002');
INSERT INTO `projectexperience` VALUES ('26710372', '41509487', '华泰通安项目', '融资专员', '2013', '2016');
INSERT INTO `projectexperience` VALUES ('26718309', '44566302', '浙大万朋项目', '培训专员/助理/培训师', '2002', '2005');
INSERT INTO `projectexperience` VALUES ('27457214', '89404430', '华泰通安项目', '防损员/内保', '1978', '1981');
INSERT INTO `projectexperience` VALUES ('27897164', '92934726', '开发区世创项目', '兼职', '1982', '1985');
INSERT INTO `projectexperience` VALUES ('29061877', '89181607', '双敏电子项目', '采购总监', '2008', '2011');
INSERT INTO `projectexperience` VALUES ('29510733', '61874879', '四通项目', '绩效考核经理/主管', '2018', '2021');
INSERT INTO `projectexperience` VALUES ('30378261', '89054673', '快讯项目', '其他', '2012', '2015');
INSERT INTO `projectexperience` VALUES ('31781862', '49496451', '商软冠联项目', '游戏策划师', '2010', '2013');
INSERT INTO `projectexperience` VALUES ('33126715', '52651816', '佳禾项目', '政府事务管理', '1995', '1998');
INSERT INTO `projectexperience` VALUES ('33644912', '6113599', '巨奥项目', '汽车电子工程师', '1993', '1996');
INSERT INTO `projectexperience` VALUES ('35620969', '1614985', '飞海科技项目', '其他', '1978', '1981');
INSERT INTO `projectexperience` VALUES ('36328963', '89925461', '天开项目', '客户经理/主管', '2014', '2017');
INSERT INTO `projectexperience` VALUES ('37508395', '23843882', '昂歌信息项目', '技术支持/维护工程师', '2010', '2013');
INSERT INTO `projectexperience` VALUES ('40233048', '15634658', '凌云项目', '汽车质量管理', '2011', '2014');
INSERT INTO `projectexperience` VALUES ('40733036', '35213963', '飞海科技项目', '产品规划工程师', '2013', '2016');
INSERT INTO `projectexperience` VALUES ('41583487', '20321918', '毕博诚项目', '技术研发工程师', '1976', '1979');
INSERT INTO `projectexperience` VALUES ('42078180', '50044795', '诺依曼软件项目', '兼职教师', '1989', '1992');
INSERT INTO `projectexperience` VALUES ('42668909', '73247449', '南康项目', '生产总监', '1995', '1998');
INSERT INTO `projectexperience` VALUES ('42911517', '76362897', '易动力项目', '财务总监', '1980', '1983');
INSERT INTO `projectexperience` VALUES ('43198528', '16685550', '快讯项目', '水工', '2003', '2006');
INSERT INTO `projectexperience` VALUES ('45508578', '33789484', '天开项目', '折弯工', '2014', '2017');
INSERT INTO `projectexperience` VALUES ('46604798', '34115015', '晖来计算机项目', '储备经理人', '1976', '1979');
INSERT INTO `projectexperience` VALUES ('46856715', '88151489', '图龙信息项目', '中医科医生', '1982', '1985');
INSERT INTO `projectexperience` VALUES ('48592826', '3318942', '九方项目', '房产项目配套工程师', '2005', '2008');
INSERT INTO `projectexperience` VALUES ('49159608', '28920311', '银嘉项目', '汽车装饰美容', '1994', '1997');
INSERT INTO `projectexperience` VALUES ('49633931', '33548869', '凌颖信息项目', '客服经理', '1996', '1999');
INSERT INTO `projectexperience` VALUES ('50128266', '62929929', '创联世纪项目', '行政主厨/厨师长', '2007', '2010');
INSERT INTO `projectexperience` VALUES ('50171774', '62680936', '天益项目', '技术文员/助理', '1973', '1976');
INSERT INTO `projectexperience` VALUES ('50728633', '49099058', '同兴万点项目', '驯兽师/助理驯兽师', '2012', '2015');
INSERT INTO `projectexperience` VALUES ('51027476', '48844413', '戴硕电子项目', '其他', '1987', '1990');
INSERT INTO `projectexperience` VALUES ('51041984', '12195640', '易动力项目', '其它', '1994', '1997');
INSERT INTO `projectexperience` VALUES ('56188035', '19136578', '良诺项目', '海关事务管理', '2007', '2010');
INSERT INTO `projectexperience` VALUES ('60987129', '51916121', '惠派国际公司项目', '医药代表', '1990', '1993');
INSERT INTO `projectexperience` VALUES ('61063358', '45395291', '浙大万朋项目', '平面设计师', '2005', '2008');
INSERT INTO `projectexperience` VALUES ('61204065', '78282841', '创汇项目', '主播/主持人', '2013', '2016');
INSERT INTO `projectexperience` VALUES ('61749245', '33070599', '巨奥项目', '绩效考核专员/助理', '1982', '1985');
INSERT INTO `projectexperience` VALUES ('62299114', '90557590', '昊嘉项目', '家政保洁', '2002', '2005');
INSERT INTO `projectexperience` VALUES ('62690546', '20942274', '艾提科信项目', '驾校教练', '1990', '1993');
INSERT INTO `projectexperience` VALUES ('63014181', '74925322', '商软冠联项目', '调酒师/侍酒师/吧台员', '1990', '1993');
INSERT INTO `projectexperience` VALUES ('63655308', '46275271', '巨奥项目', '信审核查', '1992', '1995');
INSERT INTO `projectexperience` VALUES ('63994766', '14998492', '兰金电子项目', '家政服务/保姆', '2001', '2004');
INSERT INTO `projectexperience` VALUES ('64698298', '56961508', '毕博诚项目', '洗衣工', '1973', '1976');
INSERT INTO `projectexperience` VALUES ('66438694', '33362663', '维涛项目', '葡萄牙语翻译', '1974', '1977');
INSERT INTO `projectexperience` VALUES ('67006755', '33366289', '联软项目', '区域销售经理', '1970', '1973');
INSERT INTO `projectexperience` VALUES ('68710750', '17238090', '菊风公司项目', '压痕工', '1984', '1987');
INSERT INTO `projectexperience` VALUES ('74285778', '19279091', '诺依曼软件项目', '发动机/总装工程师', '2004', '2007');
INSERT INTO `projectexperience` VALUES ('75514785', '96743904', '黄石金承项目', 'SPA 技师', '1973', '1976');
INSERT INTO `projectexperience` VALUES ('77053015', '12910892', '飞利信项目', '动力总成工程师', '1997', '2000');
INSERT INTO `projectexperience` VALUES ('77227812', '46893857', '华泰通安项目', '系统管理员/网络管理员', '1970', '1973');
INSERT INTO `projectexperience` VALUES ('77498595', '13469719', '通际名联项目', '细纱工', '2018', '2021');
INSERT INTO `projectexperience` VALUES ('79205139', '29762743', '网新恒天项目', '吊车司机', '2003', '2006');
INSERT INTO `projectexperience` VALUES ('79315722', '33038469', '毕博诚项目', '广告创意/设计经理', '1996', '1999');
INSERT INTO `projectexperience` VALUES ('80334248', '46784643', '昂歌信息项目', '汽车/摩托车工程师', '2008', '2011');
INSERT INTO `projectexperience` VALUES ('80706960', '15668165', '快讯项目', '认证工程师', '2005', '2008');
INSERT INTO `projectexperience` VALUES ('80832720', '43331239', '黄石金承项目', '公共卫生/疾病控制', '2015', '2018');
INSERT INTO `projectexperience` VALUES ('81962983', '67956128', '黄石金承项目', '平面设计师', '1990', '1993');
INSERT INTO `projectexperience` VALUES ('82585235', '2046600', '维涛项目', '汽车装配工艺工程师', '1982', '1985');
INSERT INTO `projectexperience` VALUES ('82737733', '78127302', '鸿睿思博项目', '出租车司机', '1993', '1996');
INSERT INTO `projectexperience` VALUES ('82845636', '22274427', '联软项目', '开发报建', '1994', '1997');
INSERT INTO `projectexperience` VALUES ('83649028', '37344764', '佳禾项目', '针灸/推拿', '2007', '2010');
INSERT INTO `projectexperience` VALUES ('84637864', '4344216', '维涛项目', '附件系统工程师', '1988', '1991');
INSERT INTO `projectexperience` VALUES ('87153958', '83409684', '飞利信项目', '汽车钣金', '2005', '2008');
INSERT INTO `projectexperience` VALUES ('87934281', '55920346', '恩悌项目', '船舶工程师', '2005', '2008');
INSERT INTO `projectexperience` VALUES ('89951590', '19759500', '图龙信息项目', '生产文员', '2003', '2006');
INSERT INTO `projectexperience` VALUES ('91230591', '56540710', '东方峻景项目', '新媒体运营', '1984', '1987');
INSERT INTO `projectexperience` VALUES ('94099010', '91278104', '华泰通安项目', '医疗器械销售经理/主管', '2005', '2008');
INSERT INTO `projectexperience` VALUES ('97455271', '33797885', '兰金电子项目', '编辑出版', '2018', '2021');
INSERT INTO `projectexperience` VALUES ('98563388', '97719057', '明腾项目1', '医疗器械维修人员', '2016', '2018');
INSERT INTO `projectexperience` VALUES ('98563391', '97719060', null, null, null, null);

-- ----------------------------
-- Table structure for resumeinformation
-- ----------------------------
DROP TABLE IF EXISTS `resumeinformation`;
CREATE TABLE `resumeinformation` (
  `resumeId` int(11) NOT NULL auto_increment,
  `personId` int(11) default NULL,
  `city` varchar(30) default NULL,
  `workType` int(11) default NULL,
  `expectedPosition` varchar(50) default NULL,
  `expectedSalary` varchar(30) default NULL,
  `schoolName` varchar(50) default NULL,
  `professional` varchar(50) default NULL,
  `beginYear` varchar(5) default NULL,
  `endYear` varchar(5) default NULL,
  `selfDescription` varchar(100) default NULL,
  `workUrl` varchar(256) default NULL,
  `explanatoryText` varchar(256) default NULL,
  `resumeAttachments` varchar(64) default NULL,
  PRIMARY KEY  (`resumeId`),
  KEY `FK_person_resume` (`personId`),
  CONSTRAINT `FK_person_resume` FOREIGN KEY (`personId`) REFERENCES `person` (`personId`) ON DELETE CASCADE ON UPDATE CASCADE
) ENGINE=InnoDB DEFAULT CHARSET=utf8;

-- ----------------------------
-- Records of resumeinformation
-- ----------------------------
INSERT INTO `resumeinformation` VALUES ('564960', '22274427', '广州市', '2', '锅炉工', '15k-25k', '想县新格林耐特学院', '快递', '1998', '2002', '现在进入只是孩子这是直接为了.', 'https://liao.com/', '包括组织内容文化作为有些.非常一个单位能够环境.到了日本需要都是提供.应用喜欢时间欢迎两个更新更多软件.\n如此女人通过.任何是否感觉名称一般这些方法.处理他的我们.地址类型的话之间.', 'BLUH4565995680083.mp4');
INSERT INTO `resumeinformation` VALUES ('1641776', '46784643', '龙县', '2', '买手', '2k-5k', '旭市通际名联学院', '娱乐', '2004', '2008', '类型为了电子留言.', 'https://chang.org/', '男人新闻重要客户项目其中上海.什么汽车法律数据各种今天.\n他们自己欢迎什么.为了设计原因直接图片合作全国.\n专业有关主题标题客户活动.当然孩子生产要求.', 'OFSQ9105745031075.bmp');
INSERT INTO `resumeinformation` VALUES ('2217550', '19136578', '兴安盟县', '2', '影视/媒体', '2k以下', '淑英县华成育卓学院', '美术', '2002', '2006', '关于全国成功一下.', 'https://www.jin.com/', '感觉个人我的用户.电话无法女人各种.\n具有部分内容公司一种查看.不是其中大家留言.\n用户怎么以后部门影响.\n女人单位只要大小合作.设备安全报告觉得以及当前相关.东西无法能够.', 'UYPP7519444644943.bmp');
INSERT INTO `resumeinformation` VALUES ('2749174', '91278104', '玉梅县', '2', '灯光师', '10k-15k', '上海县方正科技大学', '开发', '2003', '2007', '应该发现作者社会浏览控制密码.', 'https://www.jiang.cn/', '计划程序社会本站进入成为.国家全国图片看到.\n环境一般法律网站发现社会手机的是.起来那个发展.\n进入其他问题学习大小.查看报告一定大家次数能力.回复男人直接以下增加.\n数据应用继续详细的人.', 'WYXM7654357848775.jpg');
INSERT INTO `resumeinformation` VALUES ('3019344', '80177241', '瑞市', '1', '西餐厨师', '5k-10k', '佳市信诚致远大学', '系统', '2010', '2014', '最后还是威望空间.', 'http://www.liang.net/', '建设国家要求日期工作电脑还有.\n很多制作产品提高怎么国家通过.资料一样信息.目前语言选择中心.\n部分觉得本站朋友.操作她的服务.有关国际那些有限没有密码.', 'UJRO2434964887302.mov');
INSERT INTO `resumeinformation` VALUES ('3168066', '56961508', '兰州市', '2', '培训', '25k-50k', '杭州市网新恒天职业院校', '物料', '1990', '1994', '中心可能政府生活电脑数据进行.', 'http://du.org/', '关系历史首页一般.广告那个次数加入提高.\n全国今年女人学生服务价格.那些当前是否不会.大学这是一下一般那么可是.', 'TITG6596145152540.webm');
INSERT INTO `resumeinformation` VALUES ('7008610', '3318942', '娜市', '0', '行政主厨/厨师长', '25k-50k', '倩县创联世纪大学', '其他', '1977', '1981', '威望方面分析生活有些等级因此系统.', 'https://www.long.com/', '社会简介最后.无法简介由于联系还是.使用成为大学.经验知道设备会员.\n只要一般的是组织帮助.深圳拥有社会全部之后人民.', 'PMQV8374992005875.txt');
INSERT INTO `resumeinformation` VALUES ('8385550', '33548869', '嘉禾县', '2', '作家/撰稿人', '15k-25k', '文市凌云大学', '综合', '2001', '2005', '那些设备部门无法希望发表生活.', 'https://xu.cn/', '要求应用之后喜欢评论.提供如何根据工具最大.\n积分我们销售他们直接.增加其中谢谢帮助.\n成为资源设计.以及专业实现这些系列.', 'AWZP8584832192335.docx');
INSERT INTO `resumeinformation` VALUES ('9331686', '88151489', '哈尔滨县', '2', '市场分析/调研人员', '25k-50k', '杭州县商软冠联大学', '生鲜', '1983', '1987', '只是等级喜欢部门这样可是论坛.', 'https://xiang.cn/', '说明更新使用只要地址行业登录.他们起来由于原因怎么拥有最大一个.\n自己大家一点经验显示发现.决定手机更多.不断时候为什这是阅读.', 'QPIG0029130468049.txt');
INSERT INTO `resumeinformation` VALUES ('10266533', '96743904', '佛山市', '0', '进出口/信用证结算', '2k-5k', '淮安县昂歌信息学院', '底盘', '1988', '1992', '我们音乐一种标准单位安全的话.', 'http://www.xiong.com/', '时候次数提高一下必须男人精华密码.发表环境认为之间.一下中文我们.\n历史还有部门.来源显示必须音乐继续对于.大小由于国家完全起来.', 'CDDQ7461956887697.webm');
INSERT INTO `resumeinformation` VALUES ('11654858', '28920311', '晨县', '0', '软件UI设计师/工程师', '25k-50k', '海门县巨奥大学', '系统', '1973', '1977', '决定自己类型可能两个参加进入.', 'https://www.zeng.cn/', '完成免费根据类别文章用户中国学校.\n喜欢如果能够音乐.行业推荐重要网站.由于注册非常价格游戏您的.\n推荐都是文章出现地区为什.标题产品最大直接作品服务次数网站.\n可是方法程序.一般一个游戏大小推荐.', 'GYNS8296115975805.txt');
INSERT INTO `resumeinformation` VALUES ('13734497', '49496451', '瑞县', '0', '金融产品经理', '25k-50k', '银川市精芯学院', '行政', '1971', '1975', '当然女人阅读.', 'http://www.he.com/', '网站得到问题当前今年结果决定全部.中心网络只有都是为什.\n觉得一种进行完成位置经营.发表欢迎上海个人大家电影.\n您的这里那么阅读她的城市关系同时.必须管理功能还有通过时候这个.', 'CPQQ8367722220271.mp4');
INSERT INTO `resumeinformation` VALUES ('16339811', '35213963', '北镇县', '2', '其他', '50k以上', '上海市同兴万点学院', '数控', '1992', '1996', '设计而且知道最新专业最新.', 'http://www.zheng.com/', '程序操作国际详细帮助.能够成为发生起来留言品牌.\n喜欢一点方式发现责任工程.自己发展以后图片进入报告是否.\n注册朋友点击.当然作品作者问题.拥有有些日本简介.', 'YIGA3149376087785.ppt');
INSERT INTO `resumeinformation` VALUES ('17896849', '97719045', '桂荣市', '1', '酒店旅游', '25k-50k', '畅县佳禾学院', '高级', '2004', '2008', '来自其他要求个人那个.', 'https://www.wang.com/', '时候方面然后不同内容.看到技术单位一些国家注册专业美国.\n感觉计划运行喜欢正在网络提高空间.联系增加部分学习电脑.用户感觉正在无法技术.', 'DUVG8506782963929.avi');
INSERT INTO `resumeinformation` VALUES ('18824841', '29762743', '杭州市', '0', '生产主管', '10k-15k', '海门市图龙信息学院', '家政', '2001', '2005', '实现处理我的加入没有方法.', 'https://www.xiong.cn/', '单位管理以上没有提高当前.开始业务法律不要.\n客户有关是一其中音乐.免费因为的是来自您的北京可能.\n文件得到可是有关信息客户.有关为什之后联系所有.用户她的免费点击以上.', 'MJFZ1547784346818.js');
INSERT INTO `resumeinformation` VALUES ('19284934', '12910892', '桂芝市', '2', '服装/纺织设计', '15k-25k', '伟市明腾学院', '销售', '2004', '2008', '学习次数参加中国.', 'https://ma.cn/', '查看提高资源.如果包括只要而且活动操作完成决定.参加的人本站作为正在过程.\n价格是否提高朋友政府标题关系.这么学习一般只要.', 'AHJZ3664001369952.mp4');
INSERT INTO `resumeinformation` VALUES ('20976668', '62929929', '华县', '0', '新媒体运营', '50k以上', '西安市新格林耐特学院', '公关', '2008', '2012', '谢谢搜索工具的是结果表示.', 'https://www.shi.cn/', '工作一个文化是一可是包括主要.国内社区品牌出现只有还是.\n帖子城市这是论坛数据为什很多.女人直接非常积分过程自己.为了网站品牌会员美国.\n事情免费处理很多孩子只要.软件什么作者当前控制能够一切.', 'XXMJ6129439826026.bmp');
INSERT INTO `resumeinformation` VALUES ('21575112', '43495689', '太原县', '1', '楼面经理', '2k以下', '丽华县毕博诚职业院校', '抛光', '1988', '1992', '的人有限知道内容.', 'https://tian.cn/', '地址所有没有类型合作帖子合作.社会产品作品生产提供包括一般.\n一样觉得产品评论无法.记者当然这个更多一个研究虽然.语言觉得其实服务日本责任相关正在.\n选择谢谢生产之后也是要求基本.公司详细设备结果.', 'CYJM6516497677433.png');
INSERT INTO `resumeinformation` VALUES ('21934476', '38958502', '晨县', '0', '市场/营销', '5k-10k', '汕尾市襄樊地球村职业院校', '学徒', '1990', '1994', '原因状态应用软件政府合作两个.', 'https://su.cn/', '现在自己一点公司只是的人.运行增加市场进行下载他的最大查看.空间评论学生过程这些人员各种.\n操作只要精华谢谢那些为了发现.您的游戏学校现在都是.', 'HFAT0144866324021.avi');
INSERT INTO `resumeinformation` VALUES ('21965913', '16295001', '红县', '1', '培训生', '10k-15k', '邯郸县商软冠联职业院校', '出租', '1973', '1977', '国内包括还有文化还有我的产品知道.', 'http://luo.org/', '介绍在线用户影响注意人民.发表这样详细查看或者.只要下载留言继续环境参加.\n不同管理根据发展系列国家很多经验.类别下载的是当前人民国际具有.', 'MRCJ0497719885847.flac');
INSERT INTO `resumeinformation` VALUES ('22281135', '20942274', '涛县', '1', '专科医生', '2k以下', '太原市富罳职业院校', '个人', '2003', '2007', '组织社会全部电子怎么重要.', 'https://song.net/', '一样如此汽车文化今年两个产品.东西服务密码喜欢那个.\n或者一次一点积分价格.制作网上历史目前.基本单位上海到了显示目前你们就是.', 'ZFEP9596579535018.html');
INSERT INTO `resumeinformation` VALUES ('22815934', '36139613', '大冶市', '2', '促销员', '15k-25k', '齐齐哈尔市中建创业职业院校', '育婴', '1994', '1998', '为了其中出现特别结果只是手机.', 'https://zou.cn/', '登录决定进行还是密码如何.同时其他生活需要因此威望.\n游戏起来留言运行使用就是发布单位.电话产品发生.之间程序朋友准备行业.\n文件以下最大评论运行.\n如此不要标题结果不断留言特别一切.知道密码然后.', 'LNGV8702370681703.numbers');
INSERT INTO `resumeinformation` VALUES ('23585713', '19279091', '兵县', '1', '砌筑工', '15k-25k', '红市晖来计算机大学', '生物', '2013', '2017', '自己商品虽然历史.', 'http://www.cai.org/', '是否出现手机网上今天他的电脑.之后学习继续品牌用户情况部门.准备内容一起数据日期.\n以下作为工程城市显示这是.积分操作而且.', 'DPDG5124336232753.js');
INSERT INTO `resumeinformation` VALUES ('24308908', '3080924', '贵阳市', '0', '项目管理', '25k-50k', '贵阳市快讯学院', '化验', '1975', '1979', '单位报告然后次数出现分析正在各种.', 'http://www.du.cn/', '历史或者数据女人推荐人员用户.关于阅读中文文化地方只有什么.\n还有经验会员.\n看到操作密码一点.更新进行记者标题合作中心.他们原因他的怎么类型因此.', 'PQMU8686785655074.doc');
INSERT INTO `resumeinformation` VALUES ('27527405', '74925322', '成都市', '0', '系统工程师', '25k-50k', '霞县惠派国际公司大学', '音效', '2017', '2021', '只有不过今天图片最大日本不会.', 'https://zheng.cn/', '能力这些已经.图片包括我们能够日期.注意积分现在大学进行.\n孩子成为销售的话关系.电影个人商品特别只有学习.你们留言不断质量.现在本站有些.\n进行不能事情拥有.最大不会开始已经.', 'FVNO9087344559141.tiff');
INSERT INTO `resumeinformation` VALUES ('27791400', '4626541', '荆门县', '0', '网络/在线客服', '5k-10k', '荣县维涛大学', '体育', '2010', '2014', '中国就是目前首页是一你的.', 'https://www.liu.com/', '可以应用开始的人两个软件业务一切.但是你的有限重要各种认为.\n之后任何密码简介电子论坛.还是选择的人对于威望其中.\n一些电影非常全国.登录社会对于社会.', 'XUKM4470522906422.mp4');
INSERT INTO `resumeinformation` VALUES ('28822592', '83409684', '倩县', '0', '培训助理', '25k-50k', '秀梅市方正科技职业院校', '保险', '1992', '1996', '注意一次一下特别.', 'http://guo.org/', '一直虽然音乐不断新闻技术.如何部门合作免费类型网上.大小教育拥有需要.\n关系教育这里她的.设备联系最后部门所以.来源部分如此的话为了.\n资源电影国际应该虽然可以.影响更多次数阅读能力.', 'FRTC4273067223423.webm');
INSERT INTO `resumeinformation` VALUES ('29274352', '45395291', '俊县', '2', '铸造/锻造工程师/技师', '50k以上', '南京县海创学院', '项目', '1974', '1978', '的话部门拥有个人.', 'https://www.mao.com/', '品牌公司开发以及广告国内得到.留言发表深圳因为学习.汽车您的说明时间说明价格.完成法律都是.\n标准那么的话分析影响分析商品.人民都是评论应该设计.表示电脑可能状态之间经验.', 'RGCP8101851081458.avi');
INSERT INTO `resumeinformation` VALUES ('30958333', '2852379', '宁德市', '0', '板房/楦头/底格出格师', '15k-25k', '丹市立信电子职业院校', '投资', '1977', '1981', '社会国内所有电脑部分社区看到.', 'http://www.lu.com/', '之后一定一点中国.品牌一种这种其中都是.\n同时为什回复我的空间只是.实现处理主题拥有首页拥有生活.\n介绍进行登录社区提高拥有要求.还是人民记者这样中心开发责任.的话大小一起报告他们留言.', 'OEQJ6668548124546.gif');
INSERT INTO `resumeinformation` VALUES ('33790688', '78127302', '燕市', '1', '其它', '50k以上', '桂芳县艾提科信大学', '渠道', '1997', '2001', '知道公司同时发现.', 'https://www.gong.cn/', '比较计划简介发展你的.有关女人谢谢留言本站.只要他们信息密码.解决其实服务为了手机电脑不断.\n推荐发布设计可能日本.能力之间品牌加入来源发表根据.', 'FFKQ1947275570725.numbers');
INSERT INTO `resumeinformation` VALUES ('34803066', '66982579', '杨县', '2', '钳工', '25k-50k', '云市佳禾职业院校', '计算', '2014', '2018', '还有都是地区历史欢迎.', 'http://tang.org/', '作为项目全部.所有经验只是类别.女人中心环境评论.\n选择直接一个是一决定进行.孩子感觉历史.\n国内国内影响但是继续支持.没有人员地区工程进行建设.国内对于北京首页然后.', 'WOHW1316291247635.mp4');
INSERT INTO `resumeinformation` VALUES ('35329473', '14998492', '合山县', '2', '演员/群众演员', '10k-15k', '宁德县创联世纪大学', '招投', '1981', '1985', '北京实现电子软件使用.', 'http://www.du.cn/', '留言产品工具特别.市场人员的话浏览控制.运行手机发现电话.\n登录一般查看完全时候.评论喜欢增加行业问题美国.这么什么主要两个一直部分.', 'MHZN0408035889788.png');
INSERT INTO `resumeinformation` VALUES ('35808985', '92934726', '秀华县', '0', '印刷包装', '10k-15k', '林县四通大学', '咨询', '1988', '1992', '能力的人作品帖子比较当前.', 'http://cheng.cn/', '科技看到大家现在查看.注意注册女人资料企业日期网上.时间觉得开始正在不要那些价格.\n美国来自网络还是日期.操作来源密码全部注册手机.', 'XXCZ4554474546312.mp4');
INSERT INTO `resumeinformation` VALUES ('36456789', '23843882', '潜江市', '2', '幕墙工程师', '25k-50k', '慧县MBP软件学院', '兼职', '1986', '1990', '客户这是方法发表.', 'http://www.cao.cn/', '由于等级首页都是信息.规定那个网上部分那个行业不会.一些合作朋友这里情况.\n这么作者情况名称方式孩子联系.各种记者我们只是一点应该其他.学校自己下载发展更多.', 'FSLI4052858843697.css');
INSERT INTO `resumeinformation` VALUES ('37437596', '15668165', '林市', '1', '足疗', '50k以上', '琳县艾提科信学院', '医疗', '1980', '1984', '不过产品作品其中.', 'https://hou.com/', '部门操作参加正在一些作品网站只要.一些名称浏览原因这个.\n方面比较服务名称非常能够.欢迎影响国家一点包括联系次数提高.', 'DJDB6776815379284.avi');
INSERT INTO `resumeinformation` VALUES ('38038358', '33366289', '凤英市', '2', '其他', '2k以下', '亮市泰麒麟大学', '认证', '1994', '1998', '支持影响事情进入不断.', 'https://www.cheng.cn/', '科技经验的话美国网上政府资料拥有.根据以及为了.\n的话功能我的文件.汽车社区地址信息.\n成为现在国家有关特别觉得不同.公司或者选择认为详细.男人空间这么出现中国开发电影问题.', 'WAOU4455536933043.xls');
INSERT INTO `resumeinformation` VALUES ('39728913', '37344764', '玲市', '0', '自动控制工程师/技术员', '2k以下', '彬市东方峻景大学', '裁床', '2018', '2022', '一般对于广告.', 'https://fang.com/', '浏览可以不同系统.制作开始资料大小已经威望.增加一切中文自己为了.\n学校简介重要价格浏览.规定服务系统设备.\n点击生产经济.内容工作更多事情过程正在部分或者.资料还有情况联系你们责任时间.', 'JKZG3690239302818.docx');
INSERT INTO `resumeinformation` VALUES ('40533483', '17238090', '荣市', '2', '普工/操作工', '10k-15k', '玉梅市创亿大学', '售后', '1979', '1983', '其实资源说明生活留言比较学校.', 'http://kong.cn/', '进入开始认为用户有限简介有些.信息所有而且规定显示电子.\n语言建设只是一切起来发展服务文章.记者目前作品也是.', 'VEDH6427165530981.ods');
INSERT INTO `resumeinformation` VALUES ('40676913', '47638297', '建县', '2', '薪资福利经理/主管', '50k以上', '婷市网新恒天学院', '兼职', '1985', '1989', '精华很多工具责任.', 'https://fang.org/', '为什责任完成所以他们手机合作.欢迎销售国内您的图片威望您的虽然.\n政府点击得到可是开始生产.不要提高你们而且今天全国.进入事情我们建设.\n功能人民包括人员一下由于任何.', 'PSXN6279896536361.pages');
INSERT INTO `resumeinformation` VALUES ('41977194', '88182537', '六安县', '1', '工程/设备主管', '15k-25k', '敏县富罳大学', '网店', '2005', '2009', '之后工具只是.', 'http://hou.com/', '点击朋友业务.\n在线一种价格.空间觉得详细.\n参加你的更新社区加入中文.支持认为一样.不过可以东西时候.', 'GESH0316197164393.jpg');
INSERT INTO `resumeinformation` VALUES ('42743699', '32310528', '辛集县', '1', '收银员', '2k-5k', '彬县兰金电子大学', '清算', '2009', '2013', '登录都是登录继续完全特别.', 'https://xu.org/', '比较专业工作上海.\n空间单位电子欢迎.由于情况全国女人.\n密码方面以上个人所有我们希望设计.音乐作者更新规定.\n点击浏览美国以上电影如此大小.帮助方式方面不同成功.来源学生也是.', 'JVZY0915641296919.mov');
INSERT INTO `resumeinformation` VALUES ('45699061', '89404430', '桂兰市', '0', '临床协调员', '2k以下', '长沙县创亿学院', '预订', '1971', '1975', '之后基本选择设计内容制作.', 'https://www.lai.cn/', '谢谢希望分析.公司方式全部电子项目使用经验活动.合作精华方法通过企业当前深圳说明.\n作品不能以下谢谢生产.事情系列进行中文以及.\n任何产品为什.\n人员对于大小企业需要.', 'OFOG9434245810779.png');
INSERT INTO `resumeinformation` VALUES ('47270398', '81294428', '超县', '2', '技术总监/经理', '10k-15k', '宁市昊嘉学院', '裁剪', '1988', '1992', '人员加入一直成功生活.', 'https://kang.net/', '操作这些解决管理工程研究.投资一个大小的话那个同时.\n以下美国情况地址等级内容.日期规定详细方式资料.可能浏览系列认为全国.', 'CNAU5250944797304.webm');
INSERT INTO `resumeinformation` VALUES ('48150217', '56540710', '齐齐哈尔市', '1', '飞机机长/副机长', '2k以下', '鑫县鸿睿思博职业院校', '通信', '1993', '1997', '运行以后阅读网络人员品牌.', 'http://www.tao.cn/', '合作这个东西精华计划推荐已经.其中其实为什活动计划所有因此.\n起来主题为了深圳你的使用.文件生产注册.\n美国经济广告位置还是以下.以及会员对于使用发布.', 'TFKE2056778587397.jpeg');
INSERT INTO `resumeinformation` VALUES ('50378333', '6113599', '玉梅市', '1', '小学教师', '2k以下', '呼和浩特县数字100学院', '会务', '1990', '1994', '这是图片研究女人可能.', 'http://shi.cn/', '需要因为最新因为位置图片今天手机.男人学习政府.\n发生决定一点关系是一不要时候进入.位置所以这个社会.本站他们这么如果业务经济任何.', 'ROKB5216508856182.jpeg');
INSERT INTO `resumeinformation` VALUES ('51556150', '93704038', '玉市', '1', '送水工', '2k-5k', '浩市佳禾学院', '经理', '1984', '1988', '一个同时日期方式投资.', 'https://www.fan.cn/', '朋友具有就是只是在线.一定以上推荐更新的人出现下载.\n方式没有结果作品我们密码类型.工程深圳政府以后关系汽车.\n自己通过这样我的北京.', 'ALAE2195646486564.flac');
INSERT INTO `resumeinformation` VALUES ('52050558', '51916121', '超市', '0', '电脑放码员', '25k-50k', '香港县恒聪百汇职业院校', '礼仪', '1989', '1993', '一下地区日本一起人民.', 'http://www.dai.com/', '网站一起中文都是的话.非常行业服务有些会员希望.\n软件具有最后现在我的行业操作.任何准备能力状态其中新闻那些当然.制作会员成功深圳经营怎么.', 'MFGS6165211927996.ods');
INSERT INTO `resumeinformation` VALUES ('52997730', '16685550', '凯市', '0', '洗碗工', '5k-10k', '俊县九方职业院校', '促销', '2005', '2009', '那些可能可以增加.', 'http://kong.net/', '觉得只是管理.显示报告单位工程方法软件.\n通过政府联系.但是解决没有点击日期.免费感觉文化一切.\n新闻开始支持论坛手机.程序今年国际销售主题.解决用户中文需要.', 'OEVI7264514677837.mp3');
INSERT INTO `resumeinformation` VALUES ('54550377', '59279334', '惠州市', '1', '矿产勘探/地质勘测工程师', '15k-25k', '北镇县迪摩大学', '广告', '2007', '2011', '她的记者网上北京目前需要如何.', 'http://www.tian.cn/', '地区觉得只要不要城市.安全标准上海推荐大学.说明空间继续公司.\n客户品牌回复位置只是进行.那个比较空间上海根据.公司这样不同本站她的上海.', 'YPBC6401738638926.pages');
INSERT INTO `resumeinformation` VALUES ('55448420', '13469719', '利市', '0', '彩妆培训师', '2k-5k', '桂英市毕博诚大学', '吹膜', '1991', '1995', '能够这是这里质量软件的人.', 'http://www.xue.com/', '威望制作只要使用.活动时间由于应用运行公司地址作品.\n文件发布拥有在线.我的那些的人.具有这种组织正在进入管理.精华感觉提高孩子组织电影一种.', 'RFSS5016817110324.wav');
INSERT INTO `resumeinformation` VALUES ('55972925', '49352665', '瑞市', '0', '计量工程师', '5k-10k', '淑珍市盟新学院', '环保', '1996', '2000', '品牌日期以后提高.', 'http://www.lin.cn/', '服务经营说明注册一样.出来环境上海系列单位.\n您的直接记者为什.学生一样大学大家.\n电话方式你的.业务个人报告怎么基本.单位成为深圳世界资料用户可以.', 'WFKQ8029354780062.css');
INSERT INTO `resumeinformation` VALUES ('56480368', '3541982', '西宁县', '0', '契约管理', '2k以下', '合肥县晖来计算机大学', '业务', '1989', '1993', '帖子其他标题开始.', 'http://www.zhou.cn/', '拥有部门的是.全国介绍增加发布.可以最后因为最新分析如此不是.\n关于手机研究之间详细可以制作谢谢.文化发现知道.\n各种注册进行那么状态.全国建设她的你们所以之后我们以后.', 'UDMJ6322849313256.png');
INSERT INTO `resumeinformation` VALUES ('56602463', '94948059', '张家港市', '0', '汽车装配工艺工程师', '5k-10k', '玉珍县天开大学', '客户', '2015', '2019', '可以必须出现他的中心.', 'https://www.shen.cn/', '的是汽车得到这些名称简介全国.基本发生全国要求那么继续日本.有关我们销售非常.方法进入不过网上发表出来.\n那么分析成为业务欢迎主要.信息项目阅读需要起来因为这么.结果广告单位市场.', 'PUAT6778897818792.js');
INSERT INTO `resumeinformation` VALUES ('57125534', '44566302', '伟县', '1', '招投标管理', '2k以下', '桂兰县富罳学院', '商务', '1989', '1993', '不是点击之间知道来自.', 'http://duan.cn/', '发表今天北京专业.来自城市学生公司.\n发布价格来源.等级因此参加之后.一直情况控制产品有关工程男人.\n如果报告电脑谢谢资料计划.可是经验合作你们.', 'GSQO9095905373954.json');
INSERT INTO `resumeinformation` VALUES ('57210124', '4344216', '秀英县', '0', '外语培训师', '50k以上', '巢湖县思优大学', '阿拉', '1979', '1983', '市场不是谢谢等级女人活动使用.', 'https://cui.cn/', '不断联系积分以上同时.业务如果决定提供.孩子包括只要论坛.\n一下电话任何继续时间.来源不过重要直接决定我们工作注意.\n一个各种当前也是准备决定研究.需要部门进行.标题美国觉得出现汽车.', 'PZRN3107548175296.bmp');
INSERT INTO `resumeinformation` VALUES ('57276151', '52651816', '荣市', '2', '计量工程师', '10k-15k', '欣县恒聪百汇学院', '招聘', '2003', '2007', '地方以上具有可以其中一般.', 'https://jia.cn/', '可以工程增加标题这样人民正在.销售应用那么.决定其他名称比较就是.\n朋友国内数据朋友国际程序这个由于.发布会员都是业务系统之后上海.\n电子女人查看.\n次数重要操作不断她的进行一定.', 'BJGD3841013310887.flac');
INSERT INTO `resumeinformation` VALUES ('57864358', '5089314', '海门县', '2', '其他', '25k-50k', '永安县时空盒数字大学', '心理', '2010', '2014', '之后继续规定方面其实.', 'http://www.yang.cn/', '工程拥有以后文化.情况完成完全项目安全过程学习.\n这么开始影响已经同时推荐.应该这是现在以及的是说明正在.', 'KERS6935542274453.jpg');
INSERT INTO `resumeinformation` VALUES ('58032046', '15634658', '嘉禾县', '2', '渠道/分销经理', '2k-5k', '贵阳市昊嘉职业院校', '培训', '1998', '2002', '注意也是一些方面.', 'http://gong.cn/', '活动商品非常就是.喜欢有关世界详细状态因此报告.\n为了网站同时正在工作上海历史.提高他的学生出现最后由于产品.\n大小行业空间大家非常作为日本为什.那么原因搜索注意密码.', 'QWNS1636672903180.jpg');
INSERT INTO `resumeinformation` VALUES ('59180814', '88933153', '建平市', '2', '督导/巡店', '50k以上', '宇市良诺职业院校', '数据', '2016', '2020', '次数感觉认为以下认为.', 'http://www.gong.com/', '朋友增加这里威望成功项目这里.当然就是上海注册公司.需要计划作品销售方法完全参加.\n人民设计进行开发帖子投资.介绍生产报告认为安全两个.\n东西不断控制就是不是.广告因为学习简介只是问题.', 'ONJN7342927023017.numbers');
INSERT INTO `resumeinformation` VALUES ('59396710', '67956128', '台北市', '1', '手机维修', '2k-5k', '邯郸县恩悌职业院校', '美容', '1982', '1986', '全国这样重要网上孩子运行结果.', 'http://mao.com/', '来源广告因为觉得公司那个.规定发生软件注册来自.\n如此留言上海还有美国以下网上.安全怎么建设图片.关于结果文章不能提供来自.建设实现日本目前资源比较.', 'MLCO8740754882179.tiff');
INSERT INTO `resumeinformation` VALUES ('60030856', '46893857', '贵阳市', '1', '安防主管', '10k-15k', '西宁县同兴万点学院', '总监', '1973', '1977', '经营提高主要以下以下你的.', 'http://www.qian.cn/', '朋友建设公司用户今年责任世界文章.业务不能社会如果价格成为.之后不同觉得一种.喜欢广告在线日期情况.\n这些通过安全有关.无法一般经营当然地区一下感觉.您的能够文化法律怎么孩子.', 'SHQU9520982201540.json');
INSERT INTO `resumeinformation` VALUES ('60283474', '21802607', '关岭县', '2', '安检员', '2k-5k', '昆明市思优职业院校', '促销', '1995', '1999', '投资国内次数软件一个.', 'https://yang.cn/', '项目状态学校.两个位置公司免费发表.内容提高数据规定可是登录当前.以及一个联系在线.\n不同联系时候具有女人首页注意.之后当前很多.服务开始怎么要求状态.', 'HDWX7599851007442.avi');
INSERT INTO `resumeinformation` VALUES ('60315601', '76362897', '呼和浩特县', '0', '公司业务客户经理', '5k-10k', '斌市巨奥职业院校', '新能', '2006', '2010', '一样以下搜索处理操作出来起来.', 'http://www.gao.cn/', '问题中心需要都是合作类别帮助.\n增加地方详细品牌以上具有专业之后.\n一个支持但是具有发生而且因为.经济阅读大家一般次数不能那个.专业对于没有公司公司在线.\n结果国家希望处理这是这样.最大各种时间.', 'DLHG8112262243114.txt');
INSERT INTO `resumeinformation` VALUES ('60359278', '34115015', '六盘水县', '0', '管道/暖通', '2k以下', '敏县MBP软件学院', '电子', '2014', '2018', '如此日期这是安全世界推荐如果企业.', 'https://duan.cn/', '方面工程状态行业.资源但是这么数据来源规定来自.一定主要技术认为是一上海.\n来自工具日本网站一些.以上希望基本.发现关系她的全国.\n作为有关文化次数状态因此当前类别.北京主题基本.', 'USFO9706668595658.js');
INSERT INTO `resumeinformation` VALUES ('62531986', '47386044', '北镇市', '1', '新媒体运营', '50k以上', '春梅县晖来计算机学院', '风险', '1975', '1979', '制作中国一起对于.', 'http://www.yao.com/', '游戏主题那么地区客户投资类型.开始名称电子帖子内容选择怎么.\n分析谢谢作品.显示当然制作相关起来大学虽然她的.您的威望的人这个完全市场一起.\n可能运行根据知道.电话已经回复学习.', 'IJEE8902651808668.bmp');
INSERT INTO `resumeinformation` VALUES ('64363608', '73247449', '柳州县', '2', '项目管理', '5k-10k', '柳市维涛大学', '铸造', '1983', '1987', '详细商品等级生产.', 'http://www.lei.cn/', '根据只有以后责任产品.空间信息数据有关完成有限.大学很多但是.\n决定工具类别是否不要.工程个人提供比较注意今年你们分析.各种精华但是教育那些.', 'RNNQ5897047003470.json');
INSERT INTO `resumeinformation` VALUES ('65315224', '69412738', '浩市', '0', '市场通路经理/主管', '10k-15k', '淮安县新宇龙信息大学', '财务', '2011', '2015', '精华网络文章更多.', 'http://jia.cn/', '所以继续学校现在最后.关系搜索网络这里公司.\n首页帮助您的能够起来.市场准备类别运行不会参加为什.一个决定用户关于更新不能很多欢迎.', 'XYQV6466508869462.mp3');
INSERT INTO `resumeinformation` VALUES ('66303923', '19759500', '玉华县', '2', '人力资源信息系统专员', '5k-10k', '利县天益大学', '集装', '2000', '2004', '软件继续已经还有基本继续同时方式.', 'https://huang.cn/', '北京数据状态.业务资源认为个人产品业务.任何业务历史广告.\n更多不是需要其实发现登录.认为电话认为女人.需要会员社会其他.\n产品名称语言不会运行那些价格.更新首页日本女人游戏.', 'CGDS1217979154918.webm');
INSERT INTO `resumeinformation` VALUES ('67780921', '89054673', '淑英市', '1', '测试员', '50k以上', '哈尔滨市易动力学院', '演员', '2008', '2012', '必须他的大小.', 'https://gong.com/', '生活标准拥有深圳简介.成为完成地区完全认为.\n过程已经时间品牌.进入工作有关需要.为了不会国家出来一个.\n各种设备都是.那些直接方式会员准备文件.经济之后增加时候数据的人.', 'YCQU7852326565791.flac');
INSERT INTO `resumeinformation` VALUES ('67851799', '48844413', '太原县', '1', '系统管理员/网络管理员', '10k-15k', '建军市浦华众城大学', '软件', '2010', '2014', '因此学习增加出现由于.', 'http://www.zheng.com/', '具有原因男人发布.时候孩子或者具有生活.\n操作次数是一介绍.开发威望方法学习电子.\n还是之后人员要求作为项目.男人责任全国免费.\n一定我的应用然后这是行业其他一个.能够上海当前控制朋友电脑.', 'IOVT6260044792396.mp4');
INSERT INTO `resumeinformation` VALUES ('68160548', '12195640', '斌市', '1', '通信技术开发及应用', '25k-50k', '莉县艾提科信职业院校', '裁剪', '2017', '2021', '能够地区怎么.', 'https://www.lei.net/', '拥有工作发布包括名称.现在全国一次标准包括.结果非常登录.\n个人发布手机.还有商品一点所以操作推荐.\n威望可能价格合作更多作为文件最后.的是具有手机具有报告.事情名称各种电话之后如何.', 'SZGC2663853255081.wav');
INSERT INTO `resumeinformation` VALUES ('68644390', '90557590', '瑜市', '0', '物业管理经理', '5k-10k', '辛集县通际名联学院', '餐厅', '1991', '1995', '计划注意文章东西对于来源.', 'https://wen.com/', '部分登录论坛城市.谢谢下载基本她的生产.软件很多文化实现都是中心.比较表示应用所以点击运行一下.\n不过论坛发生安全正在只要更新.\n音乐网络经验新闻当然知道活动.程序一样发布国内.', 'LAWU8912483229112.flac');
INSERT INTO `resumeinformation` VALUES ('69843068', '33797885', '桂荣市', '0', '咖啡师', '50k以上', '云县泰麒麟职业院校', '物业', '1988', '1992', '关系一起地区有限能力朋友.', 'https://qiao.com/', '成为使用产品为了免费发现专业.现在大小我的用户.部分是一系统法律.\n女人最后价格网上一种科技图片.深圳一直学生控制其实.参加人民得到朋友地区以上.技术包括论坛作为手机觉得完成.', 'QFDD2162937484761.csv');
INSERT INTO `resumeinformation` VALUES ('70989922', '50044795', '丹县', '1', '印刷包装', '5k-10k', '凤兰县维旺明大学', '互联', '2005', '2009', '点击比较什么那些报告的人进行.', 'http://han.com/', '能力同时业务价格拥有这种.行业首页能够时间管理准备.不会两个准备我的处理公司国内.\n但是您的网上作者开始具有来自.选择设备电子来自根据一切品牌.由于商品标准当前可是.', 'GCDW4647221907452.bmp');
INSERT INTO `resumeinformation` VALUES ('70996708', '89181607', '马鞍山县', '2', '主播/主持人', '10k-15k', '娜县富罳大学', '集装', '1978', '1982', '也是首页这种可能帮助.', 'https://www.liao.cn/', '生活无法国内朋友或者.国内音乐需要.\n都是这样游戏由于.精华文件学习这是.\n深圳发生活动.我们作品学校用户.学生控制介绍应该如何.今年不断本站结果解决增加你们在线.', 'MCYZ6188742705725.js');
INSERT INTO `resumeinformation` VALUES ('71799230', '41509487', '琳县', '1', '物业招商/租赁/租售', '5k-10k', '沈阳市MBP软件大学', '动物', '2014', '2018', '什么各种能够操作关于.', 'https://www.lai.cn/', '名称汽车今年社会更多单位不会.开发发表知道注册非常基本.\n解决合作关系学习.公司不断的话更新得到.一点北京开发直接.提高电话当然可能全部一下.', 'LGCZ6571747455945.webm');
INSERT INTO `resumeinformation` VALUES ('74186167', '55920346', '汕尾市', '1', '服装领班', '15k-25k', '贵阳市易动力大学', '浆纱', '1984', '1988', '国内市场一般喜欢个人作者帮助.', 'https://zhou.com/', '地区标题男人注意日期设计表示.以下不过而且政府资料工具到了质量.成为如此中国无法只要一些.我的通过这是男人如何.', 'LKNZ5208275297959.pptx');
INSERT INTO `resumeinformation` VALUES ('74514045', '58221648', '峰县', '2', '投资银行财务分析', '25k-50k', '宇县联软学院', '其他', '1992', '1996', '当然发现国际上海次数.', 'https://qiu.cn/', '功能关系发表电子支持然后的是觉得.位置一些法律制作社会如此.知道的是女人目前社会责任这些.\n不同计划提高最后.生活以下研究信息一直.也是投资产品什么其中图片那么科技.\n品牌电子就是其实继续等级出来.', 'KWZA8767209170901.json');
INSERT INTO `resumeinformation` VALUES ('77155344', '73858485', '红市', '2', '驻唱/歌手', '25k-50k', '西宁市东方峻景学院', '拍卖', '2008', '2012', '也是两个方式学习我们如果.', 'https://www.shen.com/', '本站日本资料直接当然.国家安全安全有些.如果商品要求组织全国.\n为什学习语言不断一样国际东西.谢谢关系就是位置方法.\n什么电脑历史政府.包括支持一切浏览.方法得到这些但是任何.', 'FNZZ3478293691414.mov');
INSERT INTO `resumeinformation` VALUES ('77264220', '64504865', '秀珍市', '2', '销售行政助理', '25k-50k', '鹏县新宇龙信息学院', '人事', '2007', '2011', '公司环境系列公司投资.', 'http://gong.com/', '商品详细以上.一样发展部分最大东西只要提高.\n其中这样相关图片开始.关于文章他的资料感觉.不同操作其中社区.基本当前还有服务.', 'UOSZ6696582910780.jpeg');
INSERT INTO `resumeinformation` VALUES ('79824255', '62680936', '柳州市', '1', '区域销售经理', '50k以上', '福州市天益职业院校', '裁床', '2003', '2007', '完成怎么电影特别.', 'https://yuan.cn/', '认为汽车出来社区.重要到了非常朋友.根据谢谢新闻作品方式自己.内容不会系列工程之后这是能够.\n其他专业各种历史.帮助目前非常大小规定环境.\n但是完全正在联系学校类型.人员女人历史浏览.以下其中进行.', 'LDNV5967703969934.bmp');
INSERT INTO `resumeinformation` VALUES ('80078494', '12875351', '杭州县', '2', '机电工程师', '15k-25k', '凤英市创联世纪学院', '集装', '1989', '1993', '会员帖子新闻谢谢其实.', 'https://zeng.net/', '有关企业都是网上.上海孩子信息.一般这个日本自己.\n可是部门首页一定环境评论联系没有.由于以及实现她的生产事情.\n本站对于不要比较历史目前.不会单位活动最新觉得.', 'NFMZ9626251464345.js');
INSERT INTO `resumeinformation` VALUES ('81408856', '89925461', '石家庄市', '1', '日语翻译', '50k以上', '明县凌云大学', '结构', '2017', '2021', '介绍广告非常出现过程汽车有些.', 'http://cai.cn/', '就是法律一定是一那个那么经济.点击必须开始社会生活报告一些.您的来自进行全国谢谢.\n点击其中世界语言男人您的.一定发展应该只有发生使用法律.安全问题企业项目注意电影实现.', 'JSIV8732835371522.png');
INSERT INTO `resumeinformation` VALUES ('84985859', '33789484', '南昌市', '1', '标准化工程师', '50k以上', '银川市巨奥学院', '网店', '2013', '2017', '虽然是一过程.', 'https://www.qiu.net/', '广告感觉无法可是电子.方式这个两个大学的是当前专业这种.注意说明主要人民学习活动那些.\n图片到了直接美国图片如果具有.汽车认为通过论坛北京都是搜索.然后不会到了查看浏览.', 'PGON8671541046545.js');
INSERT INTO `resumeinformation` VALUES ('85957312', '43331239', '澳门县', '0', '岩土工程', '25k-50k', '长沙县四通学院', '美容', '2017', '2021', '一直日期由于.', 'http://www.lei.cn/', '精华发表经济因此一种各种当前.到了自己这是进行软件.电脑简介一个汽车操作.最大显示发布.\n运行建设能够比较方式作为.公司回复组织使用图片国内虽然.地区包括朋友类型支持都是只有.', 'NTUY8185453299831.html');
INSERT INTO `resumeinformation` VALUES ('86150361', '78282841', '通辽市', '1', '呼叫中心客服', '2k以下', '宁德县图龙信息职业院校', '工长', '1991', '1995', '学习显示以上一直成功以下.', 'http://jin.net/', '主要软件操作您的虽然.联系学习会员注册发生文章.标题人民还有结果.\n企业详细游戏最新今天生产.实现历史标题更多科技.觉得投资以上只有.', 'NCIF9534471910820.wav');
INSERT INTO `resumeinformation` VALUES ('87406986', '94433470', '巢湖县', '0', '物业招商/租赁/租售', '50k以上', '桂珍县华成育卓职业院校', '资料', '1976', '1980', '注意会员完成一起品牌时间日期.', 'http://www.qiu.com/', '浏览不是关系公司质量感觉.需要正在解决到了.\n其中最新表示.网上起来的话希望注意之间.工作公司一直中国如果系统喜欢.具有经营如何.\n虽然选择直接.环境相关技术要求.', 'FRAZ8591595347832.png');
INSERT INTO `resumeinformation` VALUES ('87933352', '33038469', '石家庄市', '0', '生态治理/规划', '2k以下', '长春县中建创业职业院校', '人力', '1977', '1981', '女人你们公司.', 'http://fang.com/', '市场作为比较开发项目.控制如何设计图片这些方式.类型投资软件发布提供.\n进入这些游戏完成相关而且孩子.设计有关任何一个知道首页虽然.\n发展学生出来.自己会员质量能够.', 'QBFV6157102681683.mp4');
INSERT INTO `resumeinformation` VALUES ('88360614', '2046600', '建市', '2', '绩效考核专员/助理', '2k以下', '超市浙大万朋学院', '可靠', '1973', '1977', '时间活动系统电子到了但是.', 'https://www.qin.cn/', '在线企业时间一下.网络方法其实解决.这种但是大家很多国家.\n中心等级以上.人民知道公司大小怎么朋友.文章解决汽车合作说明城市能够一起.出来这么应用状态一些自己.', 'QMZC1704674640259.mp3');
INSERT INTO `resumeinformation` VALUES ('89883150', '49099058', '芳市', '0', '嵌入式硬件开发(主板机…)', '5k-10k', '柳州县戴硕电子大学', '建筑', '2015', '2019', '网上所以的是关系手机.', 'http://xia.com/', '原因质量所有名称完成.因为更新是否.但是地区完全现在通过责任.\n无法为什然后地方影响开始加入.情况销售活动一点.作为情况今天只是继续选择目前.', 'FCUE0809152755160.js');
INSERT INTO `resumeinformation` VALUES ('91747846', '20321918', '大冶县', '2', '园艺/园林/景观设计', '10k-15k', '建国市盟新学院', '磨工', '1985', '1989', '科技手机有关孩子完全技术人民本站.', 'https://www.feng.com/', '中国密码对于控制社会科技.注册是一工程空间这个电子如果.一下内容电话一种.\n文件我的就是有限出来提高.', 'TPMQ4962828601653.png');
INSERT INTO `resumeinformation` VALUES ('96175675', '46275271', '彬市', '1', '电话销售', '2k-5k', '鑫市浦华众城大学', '机电', '2004', '2008', '功能就是我的.', 'http://www.fang.com/', '注册日期个人科技.经营在线系统解决时间处理.时候成为作为过程标题价格.\n大家手机浏览中文.控制部门留言各种.音乐而且不过标题.\n虽然一下喜欢.\n原因活动中国设计这个当前.到了这种能力觉得.', 'KVCR6478891346894.mp4');
INSERT INTO `resumeinformation` VALUES ('96218723', '1614985', '长沙市', '1', '配置管理工程师', '10k-15k', '想市佳禾学院', '新媒', '2002', '2006', '本站影响功能其实.', 'https://www.bai.cn/', '相关还是他们控制如果最大.的人历史觉得完全记者分析.然后主要研究上海.\n发现然后世界登录重要.音乐加入具有操作.特别通过所以目前.\n这样合作成功处理一点.', 'AYYT8274026856693.flac');
INSERT INTO `resumeinformation` VALUES ('98108534', '33070599', '辛集县', '0', '保险业务经理/主管', '25k-50k', '敏县彩虹大学', '出版', '1975', '1979', '简介标题提高阅读.', 'http://yu.net/', '非常活动所有事情使用学习问题音乐.知道成为以后那个世界责任.\n朋友应用设计阅读如果一次文化.同时有关无法经验还是.', 'ENQW9931024882750.gif');
INSERT INTO `resumeinformation` VALUES ('98584505', '3839225', '琳县', '1', '党工团干事', '2k以下', '巢湖县群英大学', '锅炉', '1984', '1988', '文件有限能力上海怎么帮助也是社会.', 'https://www.liu.net/', '自己数据资料而且评论美国语言.帖子活动工作两个.公司信息时间单位相关.使用推荐空间地区北京.\n网络信息使用作品注册.女人准备回复因此主题开发任何.\n关系喜欢解决其实其中.相关只是只有这么.', 'XFIC1229511547255.css');
INSERT INTO `resumeinformation` VALUES ('99175115', '61874879', '沈阳市', '0', '实验室负责人/工程师', '5k-10k', '斌县鸿睿思博学院', '讲师', '2000', '2004', '首页计划国家由于之后作者.', 'https://zhou.cn/', '表示所以能力不会学校密码通过.比较作者如果完全.参加公司我的类别不是所以.部门为了这样威望价格.\n只要名称成功历史能够.\n这些更新你的类型地方行业.', 'HWGB0026024324686.wav');
INSERT INTO `resumeinformation` VALUES ('99540555', '97719057', '北京', '0', '电脑维修1', '25k-50k', '梅县商软冠联大学', '培训', '2018', '2018', '她的必须喜欢科技解决应用科技不是.', 'https://www.huang.cn/', '决定不能我的选择用户.的人一定人员就是.\n本站经营等级情况.发展她的类型位置地址说明一切认为.联系全国他的计划业务商品.\n资料论坛对于两个今天可是历史.项目政府会员什么用户单位设备.', 'TYIK8946143033026.csv');
INSERT INTO `resumeinformation` VALUES ('99540557', '97719060', null, null, null, null, null, null, null, null, null, null, null, null);

-- ----------------------------
-- Table structure for workexperience
-- ----------------------------
DROP TABLE IF EXISTS `workexperience`;
CREATE TABLE `workexperience` (
  `workExperienceId` int(11) NOT NULL auto_increment,
  `personId` int(11) default NULL,
  `companyName` varchar(50) default NULL,
  `positionName` varchar(20) default NULL,
  `beginYear` int(11) default NULL,
  `endYear` int(11) default NULL,
  PRIMARY KEY  (`workExperienceId`),
  KEY `FK_Relationship_1` (`personId`),
  CONSTRAINT `FK_Relationship_1` FOREIGN KEY (`personId`) REFERENCES `person` (`personId`) ON DELETE CASCADE ON UPDATE CASCADE
) ENGINE=InnoDB DEFAULT CHARSET=utf8;

-- ----------------------------
-- Records of workexperience
-- ----------------------------
INSERT INTO `workexperience` VALUES ('401043', '46275271', '双敏电子科技有限公司', '图书管理员/资料管理员', '2013', '2016');
INSERT INTO `workexperience` VALUES ('503440', '29762743', '华泰通安信息有限公司', '电梯工', '1986', '1989');
INSERT INTO `workexperience` VALUES ('974325', '74925322', '通际名联网络有限公司', '旅游产品销售', '1975', '1978');
INSERT INTO `workexperience` VALUES ('1022001', '76362897', '信诚致远传媒有限公司', '总工程师/副总工程师', '2000', '2003');
INSERT INTO `workexperience` VALUES ('3371947', '62680936', '天开科技有限公司', '其他', '1975', '1978');
INSERT INTO `workexperience` VALUES ('3566619', '62929929', '盟新网络有限公司', '其他', '1985', '1988');
INSERT INTO `workexperience` VALUES ('3637685', '3318942', '昊嘉传媒有限公司', '服装领班', '1994', '1997');
INSERT INTO `workexperience` VALUES ('4562337', '16685550', '华远软件科技有限公司', '供应链经理', '2017', '2020');
INSERT INTO `workexperience` VALUES ('5356447', '94948059', 'MBP软件网络有限公司', '专柜彩妆顾问(BA)', '1989', '1992');
INSERT INTO `workexperience` VALUES ('5807772', '35213963', '南康传媒有限公司', '业务跟单经理', '1999', '2002');
INSERT INTO `workexperience` VALUES ('5871421', '36139613', '迪摩传媒有限公司', '针灸/推拿', '1995', '1998');
INSERT INTO `workexperience` VALUES ('8376374', '22274427', '南康科技有限公司', '软件测试', '1999', '2002');
INSERT INTO `workexperience` VALUES ('9431928', '13469719', '浦华众城网络有限公司', '物流总监', '1994', '1997');
INSERT INTO `workexperience` VALUES ('9818583', '5089314', '中建创业科技有限公司', '其他', '1995', '1998');
INSERT INTO `workexperience` VALUES ('10333679', '92934726', '方正科技科技有限公司', '船舶工程师', '2011', '2014');
INSERT INTO `workexperience` VALUES ('10771976', '93704038', '艾提科信信息有限公司', '测试员', '1982', '1985');
INSERT INTO `workexperience` VALUES ('10797600', '66982579', '飞利信科技有限公司', '医药代表', '2009', '2012');
INSERT INTO `workexperience` VALUES ('10906415', '64504865', '海创信息有限公司', '物流总监', '2002', '2005');
INSERT INTO `workexperience` VALUES ('12368457', '69412738', '泰麒麟信息有限公司', '客户经理/主管', '1991', '1994');
INSERT INTO `workexperience` VALUES ('12731855', '50044795', '新格林耐特科技有限公司', '抹灰工', '1997', '2000');
INSERT INTO `workexperience` VALUES ('13573492', '33366289', '数字100科技有限公司', '广告创意/设计经理', '1972', '1975');
INSERT INTO `workexperience` VALUES ('16336773', '83409684', '凌云科技有限公司', '技术研发经理/主管', '1982', '1985');
INSERT INTO `workexperience` VALUES ('16573444', '89925461', '超艺科技有限公司', '音乐/美术教师', '1985', '1988');
INSERT INTO `workexperience` VALUES ('19434926', '43495689', 'MBP软件传媒有限公司', '网店美工', '1998', '2001');
INSERT INTO `workexperience` VALUES ('19453385', '78282841', '凌颖信息信息有限公司', '中餐厨师', '2004', '2007');
INSERT INTO `workexperience` VALUES ('22084330', '19136578', '泰麒麟传媒有限公司', '储备干部/培训生/实习生', '2006', '2009');
INSERT INTO `workexperience` VALUES ('22398314', '16295001', '易动力科技有限公司', 'FAE 现场应用工程师', '1990', '1993');
INSERT INTO `workexperience` VALUES ('22528988', '81294428', '华泰通安科技有限公司', '其他', '1996', '1999');
INSERT INTO `workexperience` VALUES ('24099974', '46784643', '菊风公司传媒有限公司', '钟点工', '1994', '1997');
INSERT INTO `workexperience` VALUES ('25250510', '51916121', '毕博诚科技有限公司', '仿真应用工程师', '2003', '2006');
INSERT INTO `workexperience` VALUES ('25339185', '4626541', '快讯科技有限公司', '咨询总监', '1994', '1997');
INSERT INTO `workexperience` VALUES ('26066516', '19279091', '维涛传媒有限公司', '房地产项目/策划经理', '1992', '1995');
INSERT INTO `workexperience` VALUES ('27355749', '33797885', '新宇龙信息信息有限公司', '计算机软件', '2003', '2006');
INSERT INTO `workexperience` VALUES ('29003532', '48844413', '毕博诚传媒有限公司', '兼职', '1971', '1974');
INSERT INTO `workexperience` VALUES ('30244740', '91278104', '创汇科技有限公司', '咨询总监', '2017', '2020');
INSERT INTO `workexperience` VALUES ('31823876', '21802607', '富罳网络有限公司', '网络工程师', '1998', '2001');
INSERT INTO `workexperience` VALUES ('32162790', '97719045', '鑫博腾飞传媒有限公司', '网店美工', '1986', '1989');
INSERT INTO `workexperience` VALUES ('32218305', '47638297', '迪摩信息有限公司', '汽车检验/检测', '1992', '1995');
INSERT INTO `workexperience` VALUES ('32589580', '15668165', '商软冠联信息有限公司', '店铺推广', '2004', '2007');
INSERT INTO `workexperience` VALUES ('33642192', '23843882', '海创信息有限公司', '市政工程师', '1999', '2002');
INSERT INTO `workexperience` VALUES ('34321515', '78127302', '新宇龙信息网络有限公司', '网店店铺管理员', '2001', '2004');
INSERT INTO `workexperience` VALUES ('34997536', '89404430', '晖来计算机网络有限公司', '采购主管', '2000', '2003');
INSERT INTO `workexperience` VALUES ('36298839', '94433470', '凌颖信息科技有限公司', '经纪人/星探', '1982', '1985');
INSERT INTO `workexperience` VALUES ('36537860', '20942274', '方正科技科技有限公司', '生产/营运', '2013', '2016');
INSERT INTO `workexperience` VALUES ('36826476', '46893857', '华远软件科技有限公司', '健身房服务', '1971', '1974');
INSERT INTO `workexperience` VALUES ('37471576', '17238090', '南康网络有限公司', '送餐员', '1978', '1981');
INSERT INTO `workexperience` VALUES ('38952494', '49352665', '万迅电脑信息有限公司', '导演/编导', '2002', '2005');
INSERT INTO `workexperience` VALUES ('40235264', '89181607', '群英信息有限公司', '其他', '2012', '2015');
INSERT INTO `workexperience` VALUES ('40255552', '49099058', '晖来计算机科技有限公司', '电声/音响工程师/技术员', '2000', '2003');
INSERT INTO `workexperience` VALUES ('41704189', '45395291', '襄樊地球村网络有限公司', '切割技工', '1998', '2001');
INSERT INTO `workexperience` VALUES ('44536763', '3541982', '艾提科信科技有限公司', '营业部大堂经理', '1979', '1982');
INSERT INTO `workexperience` VALUES ('45250163', '88182537', '同兴万点科技有限公司', '施工开料工', '2007', '2010');
INSERT INTO `workexperience` VALUES ('48098953', '4344216', '九方科技有限公司', '房地产资产管理', '1974', '1977');
INSERT INTO `workexperience` VALUES ('49819052', '67956128', '同兴万点传媒有限公司', '其他', '2014', '2017');
INSERT INTO `workexperience` VALUES ('50217335', '44566302', '盟新科技有限公司', '营运经理', '2012', '2015');
INSERT INTO `workexperience` VALUES ('51623661', '1614985', '维旺明科技有限公司', '保险精算师', '1971', '1974');
INSERT INTO `workexperience` VALUES ('52261398', '55920346', '华泰通安科技有限公司', '银行客户总监', '1973', '1976');
INSERT INTO `workexperience` VALUES ('54151796', '43331239', '浦华众城科技有限公司', '其他', '2016', '2019');
INSERT INTO `workexperience` VALUES ('54649057', '12910892', '数字100网络有限公司', '公关专员', '2008', '2011');
INSERT INTO `workexperience` VALUES ('55540049', '6113599', '时空盒数字信息有限公司', '按摩', '1975', '1978');
INSERT INTO `workexperience` VALUES ('56034851', '33548869', '黄石金承科技有限公司', '在校学生', '1997', '2000');
INSERT INTO `workexperience` VALUES ('56271324', '80177241', '趋势传媒有限公司', '行程管理/计调', '1985', '1988');
INSERT INTO `workexperience` VALUES ('56491852', '38958502', '南康网络有限公司', '中医科医生', '1981', '1984');
INSERT INTO `workexperience` VALUES ('56685466', '89054673', '泰麒麟科技有限公司', '公关经理', '2009', '2012');
INSERT INTO `workexperience` VALUES ('56748321', '3080924', '国讯传媒有限公司', '物流总监', '1970', '1973');
INSERT INTO `workexperience` VALUES ('56783483', '33038469', '浙大万朋网络有限公司', '在校学生', '1999', '2002');
INSERT INTO `workexperience` VALUES ('57831916', '59279334', '黄石金承科技有限公司', '合规经理', '1982', '1985');
INSERT INTO `workexperience` VALUES ('57908830', '52651816', '诺依曼软件传媒有限公司', '培训/课程顾问', '1976', '1979');
INSERT INTO `workexperience` VALUES ('58969618', '88151489', '鸿睿思博科技有限公司', '其他', '1983', '1986');
INSERT INTO `workexperience` VALUES ('61349131', '3839225', '方正科技信息有限公司', '饲养员', '1989', '1992');
INSERT INTO `workexperience` VALUES ('61703964', '15634658', '思优信息有限公司', '家政保洁', '1976', '1979');
INSERT INTO `workexperience` VALUES ('61737709', '19759500', '飞利信信息有限公司', '美容顾问', '1973', '1976');
INSERT INTO `workexperience` VALUES ('62206228', '2852379', '精芯网络有限公司', '日式厨师', '2011', '2014');
INSERT INTO `workexperience` VALUES ('63446456', '56540710', '凌云网络有限公司', '模特', '1985', '1988');
INSERT INTO `workexperience` VALUES ('64416137', '41509487', '商软冠联传媒有限公司', '行政主厨/厨师长', '2004', '2007');
INSERT INTO `workexperience` VALUES ('65341087', '2046600', '巨奥网络有限公司', '洗碗工', '2013', '2016');
INSERT INTO `workexperience` VALUES ('67212149', '28920311', '时空盒数字网络有限公司', '讲师/助教', '2013', '2016');
INSERT INTO `workexperience` VALUES ('69027932', '37344764', '易动力科技有限公司', '金融/证券/期货/投资', '2017', '2020');
INSERT INTO `workexperience` VALUES ('70700794', '20321918', '菊风公司网络有限公司', '医药学术推广', '1985', '1988');
INSERT INTO `workexperience` VALUES ('74963911', '33789484', '万迅电脑信息有限公司', '总编/副总编', '1982', '1985');
INSERT INTO `workexperience` VALUES ('77395351', '33070599', '海创传媒有限公司', '售前/售后技术支持经理', '1988', '1991');
INSERT INTO `workexperience` VALUES ('78283466', '56961508', '超艺信息有限公司', '仪表工', '2003', '2006');
INSERT INTO `workexperience` VALUES ('80163060', '58221648', '数字100传媒有限公司', '化学分析测试员', '2001', '2004');
INSERT INTO `workexperience` VALUES ('80541950', '96743904', '万迅电脑传媒有限公司', '医药技术研发管理人员', '2016', '2019');
INSERT INTO `workexperience` VALUES ('83872693', '90557590', '新格林耐特科技有限公司', '网店/淘宝运营', '1970', '1973');
INSERT INTO `workexperience` VALUES ('84139825', '33362663', '创联世纪网络有限公司', '其他', '1984', '1987');
INSERT INTO `workexperience` VALUES ('84507594', '88933153', '恩悌信息有限公司', '数据库工程师/管理员', '1995', '1998');
INSERT INTO `workexperience` VALUES ('84708861', '14998492', '佳禾信息有限公司', '熟食加工', '2012', '2015');
INSERT INTO `workexperience` VALUES ('85836419', '49496451', '太极传媒有限公司', '统计员', '1985', '1988');
INSERT INTO `workexperience` VALUES ('88235097', '32310528', '良诺信息有限公司', '农艺师', '1970', '1973');
INSERT INTO `workexperience` VALUES ('90191329', '12875351', '合联电子信息有限公司', '规划与设计', '1985', '1988');
INSERT INTO `workexperience` VALUES ('93128896', '12195640', '彩虹传媒有限公司', '美术编辑', '2002', '2005');
INSERT INTO `workexperience` VALUES ('94616316', '61874879', '图龙信息网络有限公司', '装订工', '1989', '1992');
INSERT INTO `workexperience` VALUES ('95403618', '34115015', '七喜传媒有限公司', '物业管理经理', '1983', '1986');
INSERT INTO `workexperience` VALUES ('96634516', '73247449', '数字100网络有限公司', '多媒体/游戏开发工程师', '1975', '1978');
INSERT INTO `workexperience` VALUES ('98252848', '47386044', '兰金电子网络有限公司', '汽车/摩托车工程师', '1994', '1997');
INSERT INTO `workexperience` VALUES ('99853280', '97719057', '富罳信息有限公司', '客服经理', '2016', '2018');
INSERT INTO `workexperience` VALUES ('99853282', '97719060', null, null, null, null);
DROP TRIGGER IF EXISTS `ins_person_projectexperience`;
DELIMITER ;;
CREATE TRIGGER `ins_person_projectexperience` AFTER INSERT ON `person` FOR EACH ROW begin 
 insert into projectexperience ( personId ) 
 values( new.personId); 

 insert into resumeinformation( personId ) 
 values( new.personId); 

insert into workexperience( personId ) 
 values( new.personId); 

end
;;
DELIMITER ;
